CarbDay1,LowIncome
89.82,0.0
268.24,1.0
327.88,1.0
248.6,2.0
397.83,1.0
458.87,1.0
468.91,1.0
0.0,1.0
214.84,2.0
179.78,1.0
226.29,1.0
0.0,2.0
103.06,1.0
246.29,1.0
227.62,1.0
151.55,1.0
266.57,2.0
244.58,2.0
113.74,1.0
467.99,1.0
217.09,2.0
418.86,2.0
183.92,1.0
267.31,2.0
0.0,1.0
0.0,2.0
0.0,2.0
283.11,1.0
231.51,1.0
0.0,1.0
275.42,2.0
525.99,2.0
206.68,2.0
294.67,1.0
124.24,1.0
177.13,1.0
184.53,2.0
249.28,1.0
291.54,2.0
337.22,2.0
243.2,2.0
224.07,2.0
300.29,1.0
0.0,2.0
159.35,1.0
248.67,1.0
217.65,1.0
122.25,1.0
151.31,2.0
224.11,1.0
421.77,2.0
339.37,1.0
439.27,1.0
165.12,2.0
328.33,1.0
84.61,2.0
136.23,2.0
149.72,2.0
401.89,1.0
71.11,2.0
167.65,2.0
185.01,1.0
0.0,1.0
211.13,2.0
0.0,2.0
0.0,2.0
299.96,2.0
132.82,1.0
214.99,1.0
81.05,1.0
551.83,2.0
217.48,2.0
250.74,2.0
282.76,2.0
0.0,1.0
121.03,1.0
440.28,2.0
79.21,1.0
124.55,2.0
391.83,2.0
218.03,2.0
206.37,1.0
0.0,2.0
445.87,1.0
0.0,2.0
230.12,2.0
0.0,2.0
145.42,1.0
142.02,2.0
123.25,2.0
265.82,1.0
454.75,1.0
429.01,2.0
317.88,1.0
267.27,1.0
97.13,2.0
0.0,1.0
402.37,1.0
528.53,2.0
0.0,2.0
157.03,1.0
118.89,2.0
429.61,1.0
53.43,1.0
0.0,1.0
117.18,1.0
293.78,1.0
150.82,1.0
0.0,2.0
0.0,1.0
429.49,2.0
77.77,1.0
589.32,1.0
380.02,1.0
195.43,2.0
405.9,2.0
439.37,2.0
0.0,1.0
350.86,2.0
0.0,2.0
387.54,2.0
183.56,2.0
280.72,1.0
213.39,2.0
0.0,1.0
262.32,1.0
0.0,1.0
180.46,1.0
142.9,2.0
0.0,1.0
190.81,1.0
18.14,2.0
165.96,2.0
444.1,1.0
105.0,1.0
158.03,2.0
292.21,2.0
164.43,1.0
393.2,2.0
168.37,1.0
225.76,2.0
169.25,2.0
244.37,2.0
337.43,1.0
289.74,2.0
231.16,2.0
66.3,2.0
345.16,1.0
247.14,2.0
373.0,1.0
636.88,1.0
199.46,2.0
0.0,2.0
122.72,1.0
193.99,1.0
112.99,1.0
193.31,1.0
183.43,1.0
495.35,1.0
166.56,2.0
239.15,2.0
413.43,1.0
370.91,2.0
449.37,1.0
267.02,1.0
459.77,1.0
281.52,1.0
314.1,2.0
302.79,2.0
73.66,1.0
142.01,1.0
36.38,1.0
296.98,1.0
129.4,2.0
0.0,2.0
21.69,2.0
207.57,2.0
271.35,1.0
156.08,1.0
332.1,2.0
190.23,1.0
427.52,2.0
0.0,2.0
166.33,1.0
224.56,1.0
240.83,1.0
54.48,1.0
276.9,1.0
362.13,2.0
424.33,2.0
0.0,1.0
137.05,1.0
107.77,2.0
0.0,1.0
525.1,1.0
0.0,1.0
349.68,2.0
298.33,2.0
117.24,2.0
93.2,1.0
397.45,2.0
0.0,1.0
138.34,1.0
0.0,1.0
479.79,2.0
124.57,2.0
263.06,2.0
121.66,1.0
278.18,2.0
215.55,1.0
56.36,2.0
834.85,1.0
93.97,2.0
175.07,1.0
230.29,1.0
254.77,2.0
63.5,1.0
249.81,1.0
0.0,2.0
472.12,1.0
198.71,1.0
254.88,2.0
360.11,2.0
243.94,1.0
0.0,2.0
119.07,1.0
153.87,1.0
211.62,1.0
53.15,1.0
168.68,1.0
226.0,2.0
213.02,1.0
0.0,2.0
294.24,2.0
127.97,1.0
0.0,1.0
333.11,2.0
183.73,1.0
248.84,1.0
128.14,1.0
339.14,1.0
189.54,2.0
0.0,1.0
0.0,2.0
274.53,1.0
195.59,1.0
684.73,1.0
105.86,1.0
128.09,1.0
270.2,2.0
0.0,2.0
112.63,1.0
152.28,1.0
274.59,1.0
174.47,1.0
302.25,2.0
271.04,1.0
0.0,1.0
0.0,1.0
141.04,2.0
374.54,1.0
319.16,1.0
280.98,1.0
387.44,2.0
102.55,2.0
221.82,2.0
335.06,1.0
316.5,1.0
0.0,1.0
199.41,1.0
313.25,1.0
0.0,2.0
299.9,1.0
159.02,2.0
469.18,1.0
239.03,1.0
206.58,1.0
99.95,2.0
352.33,2.0
0.0,1.0
199.58,1.0
195.31,2.0
218.92,2.0
236.1,2.0
210.57,2.0
0.0,2.0
0.0,2.0
244.64,1.0
157.32,2.0
217.76,2.0
0.0,2.0
76.02,2.0
207.6,2.0
140.9,2.0
155.34,2.0
353.98,2.0
217.24,2.0
580.41,2.0
327.75,1.0
0.0,1.0
97.79,1.0
0.0,2.0
235.99,1.0
377.02,2.0
382.25,2.0
89.19,1.0
354.17,2.0
318.42,1.0
83.3,1.0
132.18,2.0
354.26,2.0
404.15,1.0
248.15,1.0
366.73,1.0
245.16,1.0
31.46,1.0
154.62,2.0
353.11,2.0
220.25,1.0
203.35,2.0
244.82,2.0
418.02,2.0
137.08,1.0
0.0,1.0
176.02,1.0
327.49,1.0
207.54,2.0
231.49,2.0
544.3,2.0
280.23,1.0
67.04,1.0
103.72,1.0
381.7,2.0
0.0,2.0
392.94,1.0
273.42,2.0
60.74,1.0
191.65,1.0
0.0,1.0
269.77,1.0
164.22,2.0
69.47,2.0
247.62,1.0
298.63,2.0
124.19,2.0
282.92,2.0
486.87,2.0
0.0,1.0
384.9,1.0
0.0,2.0
0.0,1.0
158.75,2.0
270.2,2.0
334.02,2.0
196.64,1.0
397.52,1.0
320.97,2.0
235.48,1.0
425.5,1.0
258.32,1.0
300.85,1.0
287.97,1.0
71.22,1.0
181.72,2.0
274.38,1.0
282.17,1.0
52.73,2.0
0.0,1.0
242.14,2.0
143.79,2.0
286.25,1.0
238.88,2.0
126.51,2.0
163.62,2.0
207.77,1.0
345.52,1.0
156.11,1.0
0.0,2.0
122.81,2.0
314.1,1.0
385.07,2.0
0.0,2.0
293.87,1.0
352.6,2.0
158.87,1.0
350.18,2.0
251.79,2.0
346.94,2.0
372.68,1.0
263.55,1.0
304.8,1.0
213.27,1.0
397.1,1.0
87.88,2.0
170.79,2.0
367.9,1.0
135.81,1.0
212.9,2.0
226.19,1.0
414.12,2.0
181.56,2.0
219.94,2.0
371.48,2.0
98.53,1.0
142.93,1.0
98.59,1.0
35.67,2.0
193.01,2.0
332.79,1.0
254.54,1.0
188.42,2.0
172.89,1.0
163.93,1.0
348.83,2.0
160.23,1.0
0.0,2.0
128.53,2.0
146.89,2.0
0.0,2.0
41.22,2.0
273.49,1.0
200.39,2.0
323.63,1.0
224.46,2.0
105.94,2.0
434.77,1.0
0.0,1.0
0.0,2.0
116.63,1.0
76.44,2.0
345.52,1.0
0.0,1.0
133.96,1.0
158.75,2.0
686.34,2.0
282.03,1.0
98.68,1.0
128.78,1.0
196.72,2.0
252.28,1.0
529.21,1.0
0.0,1.0
180.28,2.0
245.37,2.0
351.47,2.0
0.0,2.0
189.09,1.0
206.19,2.0
284.33,2.0
154.17,2.0
235.5,2.0
318.05,2.0
0.0,1.0
126.18,2.0
1120.01,1.0
173.09,2.0
247.41,2.0
33.25,2.0
352.69,2.0
288.55,2.0
493.0,2.0
95.82,1.0
0.0,1.0
341.24,2.0
155.82,1.0
140.83,2.0
170.38,2.0
118.43,1.0
202.59,1.0
310.39,2.0
317.05,1.0
306.74,2.0
0.0,2.0
358.23,2.0
0.0,1.0
489.86,2.0
279.04,1.0
145.03,2.0
273.88,1.0
97.35,2.0
332.69,2.0
162.16,1.0
375.5,2.0
390.95,1.0
108.23,1.0
465.2,1.0
217.88,2.0
345.95,2.0
310.71,2.0
512.8,1.0
263.77,2.0
163.68,2.0
398.41,2.0
327.2,1.0
239.77,2.0
265.88,1.0
157.29,1.0
259.67,2.0
205.91,2.0
0.0,2.0
0.0,1.0
203.5,2.0
135.19,1.0
228.43,2.0
386.55,2.0
510.46,1.0
348.83,1.0
84.74,1.0
689.96,2.0
242.32,2.0
233.94,2.0
210.84,1.0
405.56,2.0
141.55,1.0
184.8,2.0
0.0,2.0
0.0,1.0
260.33,2.0
340.66,2.0
298.66,2.0
295.19,2.0
354.86,2.0
303.5,1.0
153.19,2.0
117.51,2.0
0.0,2.0
0.0,2.0
528.77,2.0
386.45,1.0
147.43,1.0
0.0,2.0
359.95,2.0
22.11,1.0
258.33,1.0
241.51,2.0
299.43,1.0
298.29,1.0
71.65,2.0
373.88,1.0
0.0,1.0
53.24,2.0
163.34,2.0
235.5,2.0
148.49,1.0
155.44,2.0
225.83,1.0
0.0,1.0
138.32,1.0
282.72,1.0
0.0,2.0
208.55,2.0
366.28,1.0
275.17,1.0
124.18,1.0
252.17,1.0
0.0,1.0
133.63,1.0
422.15,2.0
0.0,2.0
342.06,2.0
0.0,2.0
151.47,1.0
0.0,1.0
339.99,1.0
68.21,1.0
0.0,2.0
147.21,1.0
430.86,2.0
162.19,1.0
705.78,2.0
144.99,1.0
0.0,1.0
223.68,2.0
290.96,1.0
143.71,1.0
269.07,2.0
419.79,2.0
0.0,1.0
434.19,1.0
329.57,1.0
335.36,2.0
134.16,2.0
108.67,1.0
225.11,2.0
285.5,2.0
0.0,1.0
225.58,2.0
0.0,1.0
105.57,1.0
215.56,2.0
184.83,2.0
178.79,1.0
119.12,2.0
410.17,2.0
132.11,2.0
746.08,2.0
267.37,1.0
373.51,1.0
285.91,1.0
513.29,1.0
313.26,2.0
0.0,2.0
255.12,2.0
0.0,1.0
118.82,1.0
266.33,2.0
386.66,2.0
0.0,2.0
88.42,2.0
459.55,2.0
335.05,1.0
324.84,2.0
216.67,2.0
153.54,2.0
0.0,2.0
0.0,2.0
0.0,2.0
399.48,1.0
349.75,1.0
0.0,2.0
0.0,2.0
178.59,2.0
383.34,1.0
123.49,1.0
200.41,1.0
137.08,2.0
0.0,1.0
375.21,1.0
129.87,1.0
188.65,2.0
301.9,1.0
294.1,1.0
0.0,1.0
265.1,1.0
552.52,2.0
0.0,1.0
182.71,2.0
335.82,1.0
313.8,1.0
309.03,1.0
225.73,2.0
0.0,1.0
1476.76,2.0
55.08,1.0
142.72,2.0
313.44,1.0
155.3,1.0
346.33,1.0
331.44,2.0
76.48,1.0
141.35,2.0
159.87,2.0
240.93,2.0
412.18,1.0
0.0,2.0
208.72,1.0
263.0,1.0
0.0,2.0
0.0,2.0
226.61,2.0
99.93,2.0
0.0,1.0
139.87,1.0
0.0,1.0
133.64,2.0
445.81,2.0
163.11,1.0
296.97,2.0
538.19,2.0
291.53,2.0
0.0,1.0
0.0,1.0
0.0,2.0
166.03,1.0
0.0,2.0
186.03,1.0
416.67,2.0
0.0,2.0
215.89,2.0
139.61,1.0
245.96,2.0
195.84,1.0
204.1,2.0
192.48,1.0
175.24,1.0
0.0,1.0
360.74,2.0
117.51,1.0
0.0,1.0
402.2,2.0
358.22,2.0
393.95,1.0
222.26,2.0
158.44,1.0
384.21,2.0
250.84,1.0
298.9,2.0
332.04,2.0
252.39,2.0
447.07,2.0
357.53,2.0
200.77,2.0
231.59,2.0
0.0,1.0
343.35,1.0
292.45,2.0
288.24,2.0
389.06,2.0
493.37,1.0
337.89,1.0
154.5,1.0
282.64,1.0
341.8,2.0
315.26,1.0
0.0,2.0
101.6,1.0
291.37,2.0
94.18,2.0
299.15,2.0
313.36,1.0
301.51,2.0
494.11,2.0
267.6,1.0
380.22,2.0
145.32,1.0
0.0,2.0
128.19,1.0
123.25,2.0
297.23,2.0
227.13,2.0
227.07,2.0
163.48,2.0
402.83,1.0
114.72,2.0
134.5,2.0
16.79,2.0
252.35,1.0
238.19,1.0
256.2,2.0
0.0,1.0
0.0,1.0
456.56,2.0
591.8,2.0
0.0,1.0
205.52,1.0
400.89,1.0
299.11,1.0
218.32,1.0
0.0,2.0
0.0,1.0
310.99,1.0
288.69,2.0
385.65,2.0
315.4,1.0
498.3,2.0
100.81,1.0
201.28,1.0
0.0,2.0
0.0,1.0
283.34,1.0
145.85,2.0
516.03,2.0
146.34,1.0
320.47,1.0
245.3,2.0
196.62,2.0
413.03,2.0
338.54,1.0
354.58,2.0
50.95,1.0
294.28,2.0
224.44,1.0
0.0,2.0
400.89,2.0
184.52,2.0
0.0,1.0
255.76,2.0
177.84,2.0
85.77,1.0
256.68,2.0
191.53,2.0
209.4,1.0
453.38,1.0
254.76,1.0
93.08,2.0
191.27,1.0
329.3,1.0
613.53,1.0
260.77,2.0
133.6,1.0
494.46,1.0
197.08,1.0
358.89,1.0
0.0,2.0
144.14,1.0
100.81,1.0
1138.89,2.0
204.65,1.0
224.06,2.0
128.37,2.0
195.68,2.0
87.48,1.0
132.16,2.0
270.68,2.0
43.11,2.0
240.55,2.0
297.04,2.0
113.85,1.0
0.0,2.0
254.29,1.0
0.0,1.0
351.99,2.0
193.5,1.0
187.59,2.0
296.97,2.0
98.69,1.0
170.23,2.0
143.36,1.0
235.73,2.0
538.63,1.0
136.54,1.0
325.64,1.0
0.0,2.0
286.83,2.0
376.32,1.0
241.49,1.0
162.15,2.0
52.95,2.0
0.0,1.0
0.0,1.0
323.42,1.0
352.87,1.0
405.71,2.0
336.8,2.0
328.67,1.0
266.31,1.0
0.0,2.0
535.07,1.0
0.0,2.0
166.66,2.0
233.22,1.0
246.05,2.0
192.27,2.0
413.01,2.0
0.0,2.0
279.25,2.0
360.72,2.0
0.0,2.0
0.0,1.0
246.54,2.0
452.4,2.0
168.45,2.0
0.0,2.0
679.86,1.0
0.0,1.0
135.71,2.0
263.43,1.0
349.77,1.0
0.0,1.0
165.75,1.0
332.51,2.0
196.92,2.0
0.0,2.0
347.4,1.0
180.86,1.0
256.93,1.0
126.28,2.0
490.71,2.0
181.27,2.0
773.76,1.0
0.0,1.0
356.5,2.0
180.96,2.0
203.11,2.0
0.0,1.0
748.59,1.0
189.19,2.0
360.9,1.0
237.51,2.0
0.0,1.0
0.0,1.0
241.13,2.0
0.0,2.0
393.29,2.0
517.41,1.0
390.56,1.0
147.18,2.0
208.23,2.0
250.91,1.0
461.34,1.0
197.52,1.0
127.94,1.0
138.28,2.0
0.0,2.0
581.7,1.0
246.42,2.0
0.0,2.0
0.0,2.0
322.79,1.0
142.69,2.0
294.07,2.0
279.23,1.0
236.25,2.0
347.51,2.0
445.99,1.0
340.08,1.0
175.87,1.0
150.2,2.0
72.48,2.0
196.36,2.0
230.71,2.0
340.22,2.0
130.1,1.0
57.42,2.0
300.65,2.0
168.72,2.0
160.39,2.0
169.0,2.0
301.72,1.0
0.0,1.0
121.49,2.0
273.02,2.0
0.0,2.0
107.89,1.0
211.83,2.0
0.0,2.0
466.47,2.0
206.0,2.0
375.24,1.0
185.83,1.0
447.79,1.0
431.95,2.0
184.02,2.0
82.95,2.0
0.0,1.0
338.41,2.0
183.15,2.0
155.49,2.0
126.82,1.0
346.98,1.0
454.94,2.0
0.0,1.0
514.64,1.0
300.53,1.0
25.78,1.0
0.0,1.0
285.0,1.0
366.21,2.0
249.2,1.0
319.12,2.0
320.43,1.0
376.52,2.0
188.65,2.0
237.11,2.0
334.24,2.0
252.61,2.0
240.2,1.0
492.1,2.0
102.15,2.0
333.39,2.0
261.36,1.0
258.97,2.0
0.0,2.0
230.71,2.0
248.19,2.0
209.22,2.0
0.0,2.0
82.49,2.0
0.0,2.0
215.17,2.0
329.11,1.0
373.64,2.0
163.42,2.0
62.69,1.0
266.03,2.0
408.51,1.0
251.01,2.0
188.23,2.0
285.16,2.0
147.32,2.0
410.74,1.0
147.55,2.0
437.52,2.0
171.78,1.0
305.86,1.0
223.33,1.0
155.6,1.0
453.56,1.0
285.44,1.0
247.15,1.0
269.39,1.0
240.6,1.0
265.94,2.0
51.89,1.0
172.68,1.0
0.0,2.0
255.72,1.0
0.0,2.0
0.0,2.0
0.0,2.0
295.89,2.0
81.78,1.0
167.32,1.0
545.46,1.0
0.0,2.0
272.77,2.0
255.95,2.0
107.37,2.0
97.56,2.0
142.11,1.0
245.52,1.0
477.91,1.0
0.0,2.0
325.87,1.0
309.86,2.0
98.49,2.0
175.07,1.0
0.0,2.0
274.29,1.0
81.93,2.0
173.82,1.0
256.66,1.0
242.29,2.0
0.0,2.0
188.65,2.0
137.55,1.0
0.0,2.0
295.44,1.0
0.0,1.0
391.38,2.0
0.0,1.0
236.49,2.0
140.74,2.0
392.53,2.0
392.91,1.0
185.93,2.0
0.0,2.0
321.69,2.0
493.52,1.0
224.88,1.0
347.2,2.0
691.85,2.0
342.63,1.0
158.65,2.0
177.09,2.0
315.68,2.0
0.0,1.0
83.67,1.0
475.27,2.0
0.0,2.0
184.61,2.0
194.18,2.0
334.57,1.0
339.52,1.0
311.22,1.0
216.04,1.0
466.78,1.0
275.23,2.0
0.0,1.0
179.03,2.0
931.91,2.0
375.62,1.0
112.72,1.0
0.0,2.0
293.27,1.0
118.0,2.0
237.32,2.0
335.98,1.0
133.86,2.0
400.14,1.0
523.07,2.0
620.49,1.0
43.39,1.0
0.0,1.0
369.78,1.0
198.03,2.0
69.77,1.0
162.04,2.0
282.48,2.0
170.94,1.0
251.31,1.0
158.32,1.0
259.21,2.0
178.69,1.0
0.0,2.0
437.02,2.0
0.0,1.0
149.76,1.0
243.32,2.0
161.52,2.0
21.58,1.0
252.68,1.0
446.9,2.0
247.89,2.0
374.11,2.0
509.2,2.0
0.0,1.0
0.0,1.0
242.43,2.0
337.61,2.0
0.0,1.0
0.0,2.0
652.23,1.0
86.06,2.0
200.87,2.0
144.47,1.0
126.49,2.0
207.36,2.0
213.35,2.0
193.33,1.0
216.24,1.0
0.0,1.0
434.8,2.0
304.6,1.0
249.9,1.0
220.28,1.0
354.36,2.0
264.58,2.0
113.93,2.0
58.23,2.0
179.66,1.0
118.56,2.0
0.0,2.0
0.0,1.0
48.95,2.0
227.72,2.0
0.0,2.0
348.55,1.0
169.28,2.0
239.9,1.0
560.24,2.0
0.0,1.0
326.35,1.0
212.08,1.0
0.0,2.0
572.11,2.0
136.92,2.0
0.0,2.0
263.27,1.0
485.52,2.0
272.86,1.0
318.35,2.0
133.0,2.0
423.58,2.0
0.0,1.0
257.39,1.0
602.52,2.0
226.98,1.0
262.74,2.0
178.62,1.0
268.26,2.0
122.71,1.0
233.02,2.0
336.84,2.0
0.0,1.0
213.43,1.0
64.1,2.0
169.29,2.0
221.68,2.0
346.11,1.0
104.24,2.0
280.52,2.0
373.6,2.0
233.88,1.0
244.85,2.0
269.24,1.0
368.63,2.0
269.8,2.0
0.0,2.0
316.96,1.0
193.48,2.0
0.0,1.0
256.68,2.0
158.88,2.0
0.0,2.0
0.0,2.0
451.17,2.0
301.09,1.0
447.43,2.0
272.83,1.0
0.0,1.0
307.3,2.0
111.93,1.0
184.1,2.0
342.83,1.0
520.92,2.0
394.52,2.0
284.76,2.0
262.53,2.0
210.69,2.0
152.96,2.0
630.73,1.0
173.06,2.0
160.83,2.0
0.0,1.0
338.33,1.0
0.0,1.0
253.83,1.0
0.0,2.0
146.86,2.0
0.0,1.0
229.84,1.0
227.9,2.0
425.13,1.0
82.69,1.0
861.54,1.0
254.53,2.0
0.0,2.0
0.0,1.0
147.12,2.0
293.31,1.0
87.9,1.0
331.86,2.0
310.82,1.0
102.38,2.0
432.65,2.0
145.48,2.0
199.58,2.0
193.47,1.0
285.63,1.0
430.7,2.0
195.4,2.0
531.13,2.0
327.02,1.0
73.27,2.0
588.62,2.0
143.38,1.0
144.31,1.0
199.85,1.0
66.59,2.0
274.64,2.0
337.16,2.0
273.91,2.0
349.43,1.0
424.4,1.0
505.67,2.0
328.93,2.0
135.37,1.0
176.59,2.0
189.46,1.0
1154.42,1.0
188.65,1.0
321.2,2.0
140.55,1.0
313.45,2.0
187.5,2.0
90.21,2.0
0.0,1.0
120.23,2.0
223.18,1.0
811.8,2.0
289.77,1.0
213.96,2.0
0.0,1.0
273.38,2.0
351.59,1.0
213.94,2.0
144.56,2.0
361.85,1.0
293.87,2.0
0.0,2.0
227.58,1.0
190.56,2.0
246.57,2.0
251.92,2.0
0.0,1.0
221.07,1.0
200.09,2.0
307.47,2.0
0.0,2.0
208.69,2.0
307.21,1.0
199.5,1.0
169.31,2.0
413.34,2.0
196.2,1.0
1336.27,2.0
588.33,2.0
0.0,1.0
120.2,2.0
0.0,2.0
99.13,1.0
196.18,1.0
320.53,2.0
118.04,1.0
71.33,1.0
223.67,1.0
0.0,2.0
309.39,2.0
306.59,2.0
122.65,1.0
165.24,2.0
390.5,2.0
143.49,1.0
360.14,2.0
205.62,2.0
605.44,2.0
552.15,2.0
130.46,2.0
549.49,1.0
246.73,2.0
157.01,1.0
0.0,1.0
413.82,2.0
203.85,1.0
575.27,2.0
535.24,1.0
451.04,1.0
365.7,1.0
338.88,1.0
378.26,2.0
0.0,2.0
241.45,2.0
0.0,1.0
185.54,2.0
413.74,1.0
218.36,1.0
223.63,1.0
197.84,1.0
123.39,2.0
453.73,1.0
197.64,2.0
228.81,1.0
425.01,2.0
298.79,2.0
276.43,2.0
309.13,2.0
323.52,2.0
331.72,2.0
222.32,2.0
207.17,2.0
270.8,1.0
192.19,2.0
292.05,1.0
175.64,2.0
379.18,1.0
295.98,1.0
106.53,1.0
503.62,2.0
462.74,2.0
25.39,2.0
374.19,2.0
385.82,1.0
235.28,2.0
0.0,2.0
191.5,1.0
220.92,1.0
355.53,1.0
0.0,2.0
216.08,1.0
219.9,2.0
210.17,2.0
134.49,1.0
20.3,1.0
312.8,1.0
496.89,1.0
304.59,2.0
300.98,2.0
472.0,2.0
101.9,2.0
134.05,2.0
263.59,2.0
71.11,2.0
225.65,1.0
354.4,2.0
320.66,1.0
426.58,2.0
747.27,1.0
280.37,2.0
307.33,2.0
141.36,2.0
130.25,1.0
251.09,1.0
0.0,2.0
0.0,2.0
217.15,2.0
459.5,1.0
0.0,2.0
548.53,2.0
264.94,2.0
250.98,1.0
302.63,1.0
244.82,2.0
0.0,2.0
411.25,2.0
259.14,1.0
137.61,1.0
59.77,1.0
319.84,2.0
110.9,2.0
318.72,1.0
147.51,2.0
527.32,1.0
191.94,1.0
322.26,1.0
626.2,2.0
120.29,1.0
131.97,2.0
272.13,2.0
364.45,2.0
102.5,2.0
0.0,2.0
236.34,2.0
0.0,1.0
319.75,1.0
181.99,2.0
249.82,2.0
166.16,2.0
143.96,1.0
0.0,2.0
208.42,1.0
135.49,1.0
0.0,2.0
211.89,1.0
153.34,2.0
257.0,2.0
336.65,2.0
181.09,2.0
0.0,2.0
174.81,1.0
313.4,2.0
301.76,2.0
231.76,1.0
168.37,2.0
0.0,2.0
162.85,1.0
327.87,2.0
232.92,1.0
309.53,2.0
343.08,2.0
53.83,2.0
155.09,1.0
0.0,2.0
533.65,1.0
54.63,1.0
0.0,2.0
0.0,2.0
197.12,1.0
288.02,2.0
313.34,2.0
110.46,1.0
220.58,2.0
35.23,1.0
156.39,2.0
429.5,2.0
485.75,1.0
212.02,1.0
255.63,2.0
174.54,2.0
111.02,2.0
289.51,1.0
331.39,2.0
172.31,1.0
157.93,2.0
140.3,2.0
434.27,1.0
115.82,2.0
239.7,2.0
378.69,2.0
215.37,2.0
174.57,2.0
183.98,1.0
313.94,2.0
387.53,2.0
134.81,1.0
251.06,2.0
201.48,2.0
192.49,1.0
431.49,1.0
241.73,2.0
186.94,1.0
669.68,2.0
275.46,1.0
262.37,1.0
368.84,2.0
205.67,1.0
312.68,2.0
461.55,2.0
161.15,1.0
192.77,2.0
197.35,2.0
349.38,2.0
207.65,2.0
111.78,1.0
315.48,2.0
182.48,1.0
0.0,1.0
0.0,2.0
0.0,2.0
229.98,2.0
126.56,2.0
239.91,2.0
245.82,1.0
229.63,1.0
262.14,2.0
304.55,1.0
298.37,1.0
206.16,2.0
203.85,2.0
0.0,1.0
122.11,2.0
254.24,2.0
210.62,1.0
108.72,1.0
309.5,1.0
499.97,1.0
142.74,2.0
683.78,1.0
0.0,2.0
60.56,1.0
323.17,2.0
370.29,2.0
128.54,1.0
0.0,2.0
331.6,2.0
688.56,2.0
185.96,1.0
200.18,2.0
189.71,1.0
32.9,2.0
153.82,1.0
0.0,1.0
174.67,1.0
331.85,2.0
0.0,2.0
263.81,1.0
223.33,1.0
0.0,1.0
0.0,1.0
175.55,2.0
130.68,1.0
172.08,1.0
202.07,2.0
201.08,2.0
269.32,2.0
484.74,2.0
227.03,1.0
159.89,1.0
208.58,2.0
32.69,2.0
465.23,2.0
125.48,1.0
219.9,1.0
148.16,2.0
0.0,2.0
249.77,1.0
225.38,2.0
289.55,2.0
321.32,1.0
273.0,2.0
194.14,2.0
454.39,1.0
439.52,2.0
113.49,1.0
367.51,2.0
0.0,1.0
56.34,2.0
171.62,1.0
494.71,1.0
354.88,2.0
272.6,2.0
231.89,1.0
972.62,2.0
226.33,2.0
262.2,2.0
233.65,1.0
0.0,1.0
105.04,1.0
0.0,1.0
210.37,1.0
416.46,1.0
168.91,2.0
352.31,1.0
0.0,2.0
0.0,1.0
120.63,1.0
259.64,2.0
142.97,2.0
377.76,2.0
0.0,2.0
302.89,1.0
0.0,1.0
194.31,1.0
173.75,2.0
158.43,2.0
85.36,2.0
310.13,2.0
322.66,1.0
566.72,2.0
0.0,2.0
144.17,2.0
379.21,2.0
43.63,2.0
0.0,2.0
228.56,2.0
142.01,2.0
386.54,2.0
52.5,1.0
253.36,1.0
191.35,2.0
165.03,2.0
132.62,2.0
145.07,2.0
418.53,2.0
0.0,2.0
241.09,2.0
345.63,1.0
598.37,1.0
247.26,2.0
221.69,1.0
281.65,2.0
170.62,2.0
172.57,2.0
12.31,1.0
262.44,2.0
140.8,1.0
0.0,2.0
426.83,2.0
286.05,2.0
286.51,2.0
159.76,2.0
715.53,1.0
415.86,2.0
176.72,1.0
221.11,2.0
0.0,2.0
394.27,1.0
237.01,2.0
245.69,1.0
348.0,1.0
0.0,2.0
162.73,2.0
0.0,2.0
219.72,2.0
188.32,1.0
0.0,1.0
167.47,2.0
133.32,2.0
175.06,2.0
172.83,1.0
229.49,1.0
194.54,1.0
400.4,2.0
214.12,2.0
668.28,1.0
0.0,2.0
303.48,2.0
0.0,1.0
277.55,2.0
384.76,2.0
181.43,1.0
117.37,2.0
760.21,2.0
372.71,1.0
190.7,2.0
170.81,1.0
304.81,2.0
322.67,2.0
275.61,2.0
154.18,1.0
181.55,1.0
206.52,1.0
302.12,1.0
140.82,1.0
0.0,1.0
288.39,2.0
172.86,2.0
470.53,1.0
290.25,1.0
373.48,2.0
234.99,2.0
229.69,1.0
294.63,1.0
0.0,2.0
0.0,1.0
0.0,1.0
131.3,1.0
223.56,2.0
313.02,2.0
211.53,1.0
0.0,2.0
225.16,2.0
251.18,2.0
222.3,2.0
239.95,2.0
192.56,2.0
326.68,1.0
326.74,2.0
257.06,2.0
236.99,2.0
0.0,1.0
249.59,2.0
91.14,2.0
196.96,1.0
291.43,2.0
223.28,1.0
427.54,1.0
488.28,2.0
183.52,1.0
413.0,2.0
332.22,2.0
0.0,2.0
0.0,1.0
0.0,1.0
178.37,2.0
273.42,2.0
124.75,1.0
203.49,1.0
265.59,1.0
254.46,1.0
542.58,1.0
167.32,2.0
263.95,2.0
357.39,2.0
141.33,2.0
129.85,1.0
154.78,2.0
173.68,1.0
299.1,2.0
277.71,2.0
174.29,2.0
194.86,2.0
375.41,2.0
321.74,2.0
0.0,2.0
105.5,2.0
389.11,1.0
131.2,1.0
0.0,2.0
252.14,2.0
269.66,1.0
81.52,1.0
150.85,2.0
161.23,1.0
194.82,1.0
174.46,2.0
260.35,1.0
175.62,1.0
356.21,2.0
154.69,1.0
245.81,1.0
175.54,1.0
0.0,1.0
0.0,2.0
0.0,2.0
475.8,2.0
291.0,2.0
200.17,2.0
468.24,2.0
0.0,2.0
0.0,2.0
211.66,2.0
0.0,2.0
154.55,2.0
193.11,1.0
0.0,2.0
175.63,2.0
464.28,1.0
0.0,1.0
0.0,2.0
0.0,2.0
265.4,2.0
544.3,1.0
408.29,1.0
0.0,2.0
367.61,2.0
93.12,2.0
713.64,2.0
322.21,1.0
0.0,2.0
249.7,1.0
174.67,2.0
250.62,1.0
323.31,2.0
246.93,1.0
236.39,1.0
185.05,2.0
122.59,2.0
108.06,2.0
93.04,1.0
186.93,2.0
218.6,2.0
346.58,2.0
604.1,1.0
252.55,2.0
0.0,1.0
74.8,1.0
248.58,1.0
208.79,1.0
89.56,2.0
0.0,1.0
213.81,1.0
206.16,2.0
213.95,2.0
281.95,2.0
663.37,2.0
261.66,1.0
0.0,2.0
338.9,2.0
0.0,1.0
434.63,1.0
134.62,2.0
63.56,2.0
181.04,2.0
261.9,1.0
467.97,1.0
329.2,2.0
281.54,2.0
249.66,2.0
139.42,1.0
0.0,1.0
198.23,2.0
59.43,1.0
261.32,2.0
170.33,2.0
248.17,2.0
221.33,1.0
200.94,2.0
0.0,1.0
189.09,1.0
241.82,1.0
963.41,1.0
147.91,1.0
141.97,1.0
256.17,2.0
202.67,2.0
0.0,1.0
208.03,2.0
207.64,1.0
294.91,2.0
164.01,1.0
80.37,1.0
142.07,1.0
213.19,1.0
0.0,1.0
314.14,1.0
0.0,1.0
165.61,2.0
213.99,2.0
180.81,1.0
226.22,2.0
204.48,2.0
297.02,1.0
237.85,1.0
0.0,1.0
271.25,1.0
161.28,2.0
0.0,1.0
250.3,1.0
102.79,2.0
260.21,2.0
176.27,2.0
341.92,2.0
257.81,2.0
0.0,1.0
200.62,1.0
264.11,2.0
258.64,2.0
87.12,1.0
0.0,2.0
315.45,2.0
94.54,2.0
151.19,2.0
224.49,2.0
255.96,2.0
195.97,1.0
61.66,1.0
0.0,2.0
251.22,1.0
468.69,2.0
261.78,2.0
149.07,2.0
158.89,2.0
126.46,2.0
0.0,2.0
283.4,2.0
0.0,2.0
113.87,2.0
57.68,1.0
345.25,2.0
141.49,1.0
206.6,2.0
0.0,2.0
310.47,1.0
427.28,2.0
273.83,2.0
346.55,1.0
423.86,2.0
215.31,1.0
0.0,1.0
433.61,1.0
323.39,2.0
490.21,1.0
220.19,2.0
244.96,2.0
264.05,2.0
307.26,2.0
105.42,2.0
228.74,1.0
202.68,1.0
0.0,2.0
357.16,1.0
177.79,2.0
298.7,2.0
168.48,2.0
0.0,2.0
282.82,1.0
164.32,2.0
172.64,1.0
209.41,2.0
213.02,2.0
214.61,2.0
186.5,1.0
150.34,2.0
387.33,2.0
117.03,2.0
0.0,1.0
373.99,1.0
211.83,1.0
0.0,2.0
172.54,2.0
256.62,1.0
172.15,2.0
518.84,1.0
0.0,1.0
248.49,1.0
381.88,1.0
149.38,2.0
28.85,2.0
211.38,2.0
332.42,2.0
0.0,2.0
97.99,1.0
286.78,2.0
262.36,2.0
333.97,2.0
216.93,2.0
197.82,2.0
242.73,2.0
155.71,2.0
53.79,2.0
182.18,2.0
138.67,1.0
230.68,1.0
115.08,2.0
94.36,2.0
295.71,2.0
337.23,2.0
72.6,2.0
0.0,1.0
155.89,2.0
318.08,2.0
472.62,2.0
315.07,1.0
0.0,2.0
156.72,2.0
0.0,1.0
158.14,2.0
91.24,1.0
317.9,1.0
345.14,2.0
53.88,1.0
353.86,1.0
393.05,1.0
0.0,2.0
96.44,1.0
245.8,2.0
281.34,2.0
233.09,2.0
358.62,1.0
231.73,2.0
214.99,2.0
205.51,1.0
105.69,1.0
316.54,2.0
269.74,2.0
373.69,2.0
176.92,2.0
163.59,2.0
512.14,2.0
274.9,2.0
110.49,2.0
600.8,2.0
296.96,2.0
240.83,1.0
342.28,2.0
148.35,1.0
270.91,1.0
193.18,2.0
226.77,2.0
183.62,2.0
0.0,2.0
417.58,2.0
189.41,1.0
247.45,1.0
273.08,2.0
102.15,1.0
0.0,2.0
317.36,2.0
293.63,1.0
269.56,2.0
152.22,2.0
207.46,2.0
746.71,2.0
253.56,1.0
294.58,2.0
144.26,1.0
372.69,2.0
0.0,1.0
204.39,1.0
219.41,2.0
263.96,2.0
191.84,1.0
0.0,2.0
96.16,1.0
407.55,1.0
145.28,2.0
0.0,1.0
360.29,1.0
0.0,2.0
189.04,1.0
155.16,2.0
296.68,1.0
215.04,1.0
383.51,1.0
210.26,2.0
344.67,2.0
147.83,1.0
0.0,1.0
190.05,2.0
131.48,2.0
211.36,1.0
213.97,2.0
150.54,1.0
531.36,1.0
84.19,2.0
147.88,2.0
211.28,2.0
0.0,2.0
185.14,2.0
221.31,2.0
533.36,1.0
209.14,2.0
79.7,2.0
255.48,1.0
0.0,1.0
174.14,2.0
250.04,1.0
410.92,2.0
437.94,2.0
0.0,2.0
209.15,2.0
204.95,2.0
274.61,2.0
492.23,2.0
115.11,2.0
242.23,2.0
119.71,2.0
0.0,1.0
247.1,2.0
0.0,2.0
221.44,1.0
267.72,2.0
626.58,2.0
306.52,2.0
122.78,2.0
0.0,2.0
293.03,1.0
227.78,2.0
307.57,2.0
239.08,2.0
214.84,2.0
0.0,1.0
450.19,1.0
326.14,2.0
0.0,2.0
0.0,2.0
207.66,1.0
0.0,2.0
0.0,1.0
502.06,2.0
413.9,1.0
198.74,1.0
243.13,1.0
171.96,2.0
0.0,1.0
0.0,1.0
0.0,1.0
202.15,1.0
0.0,1.0
213.55,2.0
45.21,1.0
249.5,2.0
325.36,2.0
235.65,1.0
564.6,2.0
323.54,2.0
447.09,1.0
177.43,2.0
0.0,2.0
308.15,2.0
96.84,2.0
375.77,1.0
460.57,1.0
634.41,2.0
110.29,2.0
0.0,1.0
0.0,1.0
192.47,2.0
219.58,2.0
514.27,2.0
410.94,1.0
142.54,1.0
0.0,1.0
135.79,2.0
0.0,1.0
315.25,1.0
157.27,2.0
247.52,2.0
232.17,1.0
380.06,2.0
451.27,1.0
212.42,2.0
241.78,1.0
571.81,1.0
207.7,1.0
0.0,1.0
141.65,2.0
131.06,2.0
247.75,2.0
250.47,2.0
487.14,2.0
257.32,2.0
476.14,1.0
0.0,2.0
181.35,2.0
267.95,2.0
279.0,1.0
296.89,1.0
207.78,2.0
0.0,2.0
0.0,2.0
216.04,2.0
191.53,1.0
69.28,2.0
218.1,1.0
464.78,2.0
40.38,1.0
193.94,1.0
225.93,2.0
360.09,2.0
257.16,2.0
444.2,2.0
319.78,2.0
291.35,1.0
198.61,2.0
207.04,2.0
212.31,2.0
277.11,2.0
447.13,2.0
175.89,2.0
460.57,1.0
312.95,2.0
270.8,1.0
51.64,2.0
273.94,2.0
195.22,1.0
0.0,1.0
0.0,2.0
167.74,2.0
193.82,2.0
177.71,2.0
351.71,1.0
600.45,1.0
218.26,2.0
0.0,1.0
181.68,2.0
557.23,1.0
165.87,2.0
508.37,1.0
291.56,2.0
271.43,2.0
247.74,2.0
204.01,1.0
378.61,2.0
341.74,1.0
598.36,1.0
284.0,1.0
247.26,2.0
296.2,2.0
262.04,1.0
0.0,1.0
254.64,1.0
431.07,1.0
334.73,1.0
0.0,1.0
159.18,1.0
495.69,2.0
117.82,1.0
277.31,2.0
97.25,1.0
197.05,2.0
289.11,1.0
183.1,2.0
141.97,2.0
113.17,2.0
140.73,2.0
0.0,1.0
114.95,2.0
80.1,2.0
401.96,1.0
0.0,2.0
278.94,1.0
116.4,2.0
0.0,2.0
0.0,2.0
404.61,2.0
173.44,1.0
184.6,2.0
258.99,1.0
263.9,1.0
86.25,1.0
227.02,1.0
0.0,2.0
229.86,2.0
259.4,1.0
191.09,2.0
0.0,2.0
0.0,2.0
273.71,1.0
333.41,1.0
151.25,2.0
114.76,1.0
250.36,2.0
256.07,1.0
474.05,2.0
1134.08,1.0
270.72,2.0
0.0,1.0
327.08,1.0
322.59,2.0
98.47,2.0
134.72,1.0
252.12,2.0
86.91,2.0
257.27,1.0
181.99,1.0
468.41,2.0
245.99,2.0
210.94,2.0
341.72,1.0
342.75,2.0
0.0,1.0
151.61,2.0
311.2,1.0
227.3,2.0
0.0,2.0
145.61,1.0
0.0,1.0
535.68,1.0
204.87,1.0
277.04,1.0
257.21,1.0
472.59,2.0
197.21,1.0
298.44,1.0
346.3,2.0
123.64,1.0
227.66,1.0
287.92,1.0
190.4,1.0
327.25,1.0
395.61,1.0
196.75,1.0
381.88,1.0
54.75,2.0
184.58,2.0
130.71,1.0
257.65,1.0
0.0,2.0
0.0,2.0
208.01,2.0
242.99,2.0
247.94,1.0
126.25,1.0
540.76,1.0
656.98,2.0
208.42,2.0
159.91,1.0
260.06,1.0
76.08,1.0
271.9,1.0
135.36,1.0
185.55,1.0
95.42,2.0
365.15,2.0
163.65,2.0
0.0,2.0
285.09,1.0
142.51,1.0
412.89,1.0
452.69,1.0
229.64,2.0
234.39,1.0
296.26,1.0
410.28,2.0
166.13,1.0
931.33,2.0
264.02,1.0
397.27,1.0
150.04,1.0
161.13,2.0
128.78,1.0
511.78,1.0
193.7,1.0
130.25,1.0
0.0,2.0
240.11,2.0
358.05,2.0
127.09,1.0
133.57,2.0
157.11,2.0
324.04,1.0
131.8,2.0
477.92,2.0
89.77,2.0
255.2,2.0
119.16,1.0
0.0,2.0
0.0,1.0
222.99,1.0
0.0,1.0
365.69,2.0
67.1,2.0
691.05,1.0
160.21,1.0
281.27,1.0
293.61,1.0
191.18,1.0
260.56,2.0
72.78,2.0
254.93,1.0
132.7,2.0
0.0,2.0
159.54,2.0
219.0,1.0
864.3,2.0
150.75,2.0
96.47,2.0
0.0,2.0
186.81,2.0
762.89,2.0
218.44,1.0
0.0,2.0
217.7,2.0
0.0,2.0
245.36,2.0
298.1,2.0
233.56,2.0
312.88,1.0
287.21,2.0
173.9,1.0
274.21,1.0
124.15,2.0
248.98,2.0
166.23,2.0
616.34,1.0
198.85,2.0
57.01,2.0
250.15,1.0
235.59,1.0
225.7,2.0
111.49,2.0
420.37,1.0
215.63,2.0
244.14,2.0
0.0,2.0
304.96,2.0
219.17,2.0
170.55,2.0
514.94,2.0
306.82,2.0
0.0,1.0
110.59,2.0
232.87,2.0
614.96,2.0
265.76,2.0
244.92,2.0
685.39,2.0
392.7,1.0
305.12,1.0
0.0,2.0
195.76,2.0
123.89,1.0
397.41,1.0
258.09,2.0
515.98,1.0
213.58,2.0
241.34,2.0
311.24,1.0
140.15,2.0
0.0,1.0
348.45,2.0
284.9,1.0
406.9,2.0
270.15,2.0
114.66,2.0
173.64,1.0
0.0,1.0
350.51,2.0
434.53,2.0
135.0,2.0
117.85,2.0
287.53,1.0
338.8,2.0
548.97,1.0
293.6,1.0
0.0,1.0
214.7,2.0
386.31,1.0
260.83,2.0
214.24,2.0
131.03,2.0
192.85,1.0
174.19,1.0
333.83,1.0
171.41,1.0
310.46,1.0
176.36,2.0
157.92,2.0
238.59,1.0
210.97,2.0
227.28,2.0
332.58,2.0
140.76,2.0
528.73,2.0
0.0,1.0
319.35,1.0
131.5,1.0
333.82,2.0
297.01,1.0
198.01,2.0
445.17,1.0
277.72,2.0
253.45,1.0
415.86,1.0
0.0,1.0
97.19,1.0
277.95,1.0
286.48,2.0
210.0,1.0
21.86,2.0
126.99,2.0
87.61,2.0
0.0,1.0
238.7,2.0
198.86,2.0
336.45,1.0
0.0,2.0
396.96,2.0
603.82,1.0
147.61,2.0
417.66,1.0
171.97,1.0
156.8,2.0
103.64,2.0
357.62,1.0
261.52,2.0
120.37,1.0
108.87,2.0
265.02,2.0
246.85,1.0
253.41,2.0
247.11,1.0
0.0,2.0
359.58,2.0
340.37,2.0
208.37,1.0
107.09,2.0
248.25,2.0
136.54,2.0
93.2,2.0
268.12,1.0
163.83,2.0
0.0,1.0
359.44,1.0
12.97,1.0
160.97,2.0
169.35,1.0
129.16,2.0
310.92,2.0
185.48,2.0
405.51,1.0
513.32,2.0
196.09,2.0
602.41,2.0
0.0,2.0
217.79,2.0
200.24,2.0
0.0,1.0
304.52,1.0
0.0,2.0
507.26,1.0
0.0,2.0
0.0,2.0
349.62,1.0
0.0,1.0
0.0,2.0
355.03,1.0
129.64,2.0
323.37,1.0
820.73,1.0
459.75,2.0
103.82,2.0
330.49,2.0
225.45,2.0
0.0,2.0
35.8,1.0
85.37,2.0
211.68,1.0
351.18,2.0
309.03,1.0
341.44,1.0
273.55,2.0
0.0,2.0
139.1,2.0
146.13,1.0
241.69,2.0
0.0,2.0
428.08,1.0
262.71,2.0
153.14,2.0
393.94,2.0
268.48,2.0
317.11,1.0
173.62,2.0
177.11,1.0
264.04,1.0
704.4,2.0
182.79,1.0
479.15,1.0
244.9,2.0
315.64,1.0
0.0,1.0
87.52,2.0
187.01,1.0
166.68,2.0
111.21,2.0
262.81,1.0
362.58,2.0
214.36,2.0
140.03,1.0
421.05,1.0
154.9,2.0
210.93,2.0
195.27,2.0
143.2,2.0
351.35,2.0
223.95,1.0
346.97,2.0
320.19,2.0
392.61,2.0
380.62,1.0
157.98,2.0
355.12,1.0
115.34,1.0
303.93,1.0
295.98,1.0
236.9,2.0
0.0,1.0
0.0,1.0
290.95,1.0
127.81,1.0
117.03,1.0
255.43,2.0
243.78,2.0
443.88,2.0
353.08,1.0
224.74,1.0
224.75,2.0
0.0,1.0
220.63,1.0
215.44,1.0
403.11,1.0
0.0,1.0
242.8,1.0
0.0,2.0
261.88,2.0
27.39,2.0
225.68,2.0
179.72,2.0
0.0,2.0
191.09,2.0
244.01,2.0
458.04,2.0
188.54,1.0
189.01,2.0
67.56,2.0
261.52,2.0
0.0,2.0
219.74,2.0
404.62,1.0
0.0,2.0
505.18,2.0
288.71,2.0
148.47,1.0
298.03,2.0
336.23,2.0
215.58,1.0
0.0,2.0
229.65,2.0
319.98,2.0
358.64,1.0
273.73,2.0
232.49,2.0
264.61,2.0
344.4,2.0
363.08,2.0
352.2,1.0
266.04,2.0
213.59,1.0
126.78,2.0
183.38,2.0
284.96,2.0
359.8,1.0
231.6,1.0
170.81,2.0
283.28,1.0
470.22,1.0
140.01,1.0
144.61,1.0
222.55,2.0
0.0,1.0
180.66,1.0
89.14,2.0
485.81,2.0
588.62,2.0
131.68,1.0
76.66,1.0
145.37,1.0
324.92,2.0
0.0,1.0
139.9,2.0
247.88,1.0
292.05,2.0
0.0,1.0
465.21,2.0
294.93,1.0
224.93,2.0
0.0,2.0
271.55,2.0
230.52,2.0
506.6,1.0
248.1,1.0
302.21,1.0
342.14,2.0
277.3,2.0
59.59,2.0
513.27,2.0
192.86,2.0
579.47,2.0
213.98,1.0
149.14,1.0
373.48,1.0
383.59,1.0
291.16,1.0
1.0,2.0
205.2,2.0
118.27,2.0
0.0,2.0
258.24,2.0
208.7,2.0
298.79,2.0
324.0,2.0
115.65,1.0
178.11,2.0
540.47,1.0
211.91,2.0
479.87,2.0
353.66,2.0
0.0,1.0
235.23,2.0
316.01,1.0
286.94,1.0
149.83,1.0
339.04,1.0
334.74,2.0
328.22,1.0
135.58,2.0
495.6,2.0
338.94,1.0
405.84,2.0
77.89,2.0
246.0,1.0
274.06,2.0
252.39,2.0
246.12,2.0
435.1,2.0
0.0,2.0
271.59,2.0
362.54,2.0
521.95,2.0
123.21,2.0
214.86,1.0
0.0,2.0
232.06,2.0
174.75,1.0
287.82,2.0
267.83,2.0
391.17,2.0
0.0,2.0
465.78,2.0
144.09,2.0
316.47,1.0
129.56,2.0
378.13,1.0
182.41,2.0
51.09,1.0
0.0,2.0
251.19,2.0
232.73,2.0
185.72,2.0
241.76,2.0
293.84,1.0
0.0,2.0
355.7,2.0
261.55,2.0
460.75,2.0
0.0,2.0
0.0,2.0
470.23,1.0
355.0,2.0
73.46,1.0
161.35,1.0
215.34,1.0
178.26,2.0
180.95,1.0
317.01,1.0
181.55,2.0
266.92,2.0
180.58,2.0
492.55,2.0
0.0,1.0
198.27,1.0
59.06,2.0
543.37,2.0
207.54,2.0
241.55,2.0
223.98,2.0
245.2,2.0
364.78,1.0
226.5,2.0
286.81,2.0
145.28,2.0
63.17,1.0
567.25,1.0
364.05,1.0
304.52,2.0
0.0,2.0
167.55,2.0
320.37,1.0
292.13,2.0
465.67,2.0
249.79,2.0
171.01,1.0
213.66,2.0
205.23,1.0
276.97,2.0
353.01,2.0
580.46,2.0
332.32,2.0
68.79,1.0
201.16,2.0
132.3,2.0
0.0,2.0
449.1,2.0
118.17,1.0
260.05,1.0
195.68,2.0
215.2,1.0
107.42,2.0
305.48,2.0
176.4,2.0
98.36,1.0
253.12,2.0
368.87,1.0
135.61,1.0
391.04,2.0
309.13,1.0
230.52,1.0
196.72,2.0
0.0,2.0
251.6,1.0
0.0,2.0
219.71,1.0
244.96,2.0
459.79,2.0
122.14,2.0
203.55,1.0
0.0,2.0
455.61,2.0
144.89,2.0
221.95,2.0
276.88,2.0
152.05,2.0
136.39,1.0
245.88,1.0
166.54,2.0
0.0,2.0
496.83,2.0
307.55,1.0
62.31,2.0
100.74,2.0
271.95,2.0
241.94,2.0
111.68,2.0
0.0,1.0
230.55,1.0
365.17,2.0
401.52,1.0
0.0,2.0
0.0,1.0
96.87,2.0
438.34,1.0
317.33,2.0
314.67,2.0
138.98,2.0
180.22,2.0
208.39,2.0
264.33,2.0
195.92,2.0
320.91,2.0
126.65,2.0
187.46,2.0
165.05,2.0
85.45,1.0
0.0,2.0
300.15,1.0
216.06,1.0
224.25,2.0
386.78,1.0
407.88,2.0
99.42,1.0
306.28,2.0
144.49,1.0
219.72,2.0
191.0,2.0
136.11,2.0
120.62,2.0
286.85,2.0
207.9,1.0
211.23,2.0
123.79,1.0
59.4,2.0
0.0,1.0
0.0,2.0
237.5,2.0
21.6,1.0
312.96,2.0
341.53,2.0
291.35,1.0
133.21,2.0
365.47,2.0
216.53,1.0
363.67,2.0
427.37,2.0
161.63,2.0
172.83,1.0
57.24,2.0
141.55,2.0
314.75,1.0
228.78,1.0
137.31,1.0
199.34,2.0
148.59,1.0
130.88,2.0
415.36,2.0
80.99,1.0
405.5,2.0
224.03,2.0
310.84,1.0
127.81,1.0
0.0,1.0
165.32,1.0
124.97,1.0
187.34,2.0
290.83,2.0
247.5,1.0
338.29,2.0
0.0,2.0
377.71,2.0
110.96,2.0
162.14,2.0
0.0,1.0
171.98,1.0
415.62,1.0
155.44,1.0
171.74,1.0
185.55,1.0
313.7,1.0
279.49,2.0
65.15,1.0
212.6,2.0
0.0,2.0
325.28,1.0
0.0,1.0
152.9,2.0
243.62,2.0
471.06,1.0
228.28,2.0
0.0,1.0
230.96,2.0
292.85,2.0
268.58,2.0
160.65,2.0
216.58,2.0
307.94,1.0
430.25,1.0
174.55,1.0
228.68,1.0
250.07,1.0
401.17,1.0
349.02,2.0
151.66,2.0
371.22,2.0
129.19,1.0
272.45,2.0
137.16,2.0
340.05,2.0
138.15,2.0
0.0,2.0
77.47,1.0
214.81,2.0
257.87,2.0
0.0,2.0
146.55,2.0
199.12,1.0
166.38,2.0
236.37,2.0
181.26,2.0
147.17,2.0
0.0,1.0
0.0,2.0
295.16,2.0
222.3,1.0
0.0,1.0
178.67,2.0
0.0,2.0
157.4,1.0
425.68,2.0
206.63,1.0
240.86,1.0
188.44,1.0
0.0,1.0
473.36,2.0
313.92,2.0
0.0,1.0
0.0,2.0
247.72,2.0
0.0,1.0
210.85,2.0
177.56,2.0
252.73,2.0
239.11,1.0
154.77,1.0
638.98,2.0
215.8,1.0
212.43,2.0
302.77,2.0
268.94,1.0
101.98,2.0
208.05,2.0
0.0,2.0
72.65,1.0
71.1,1.0
97.27,2.0
304.72,1.0
213.36,2.0
207.71,1.0
242.98,1.0
273.64,1.0
387.42,2.0
206.85,2.0
247.73,2.0
0.0,1.0
75.63,2.0
370.82,1.0
115.63,2.0
0.0,1.0
237.68,2.0
0.0,1.0
0.0,1.0
212.98,1.0
296.64,1.0
274.04,2.0
339.28,2.0
344.63,2.0
139.68,2.0
0.0,2.0
437.14,1.0
189.61,1.0
307.38,2.0
70.14,1.0
331.64,1.0
180.98,1.0
225.47,1.0
308.55,2.0
347.57,2.0
110.74,2.0
0.0,2.0
179.81,2.0
292.04,2.0
49.54,2.0
563.74,1.0
174.24,1.0
75.23,2.0
0.0,2.0
215.17,2.0
110.25,2.0
182.22,1.0
373.47,2.0
120.17,2.0
137.06,2.0
162.76,1.0
33.74,2.0
206.79,1.0
380.27,1.0
296.27,1.0
328.71,2.0
238.48,2.0
0.0,2.0
332.95,2.0
290.24,1.0
0.0,2.0
520.73,1.0
0.0,2.0
166.37,1.0
93.84,2.0
0.0,1.0
213.19,1.0
163.0,2.0
0.0,1.0
260.79,1.0
191.33,2.0
90.64,2.0
117.44,2.0
157.79,2.0
58.84,1.0
316.51,2.0
165.93,2.0
147.68,1.0
147.62,2.0
505.18,1.0
121.65,2.0
0.0,2.0
264.64,1.0
478.52,1.0
164.46,1.0
277.67,1.0
241.09,1.0
0.0,2.0
126.25,1.0
184.16,2.0
178.02,1.0
356.89,1.0
158.46,2.0
702.71,1.0
364.93,1.0
153.92,2.0
101.3,2.0
225.39,2.0
240.51,2.0
332.2,2.0
0.0,2.0
0.0,1.0
0.0,2.0
185.87,1.0
81.01,2.0
0.0,2.0
171.04,2.0
522.98,2.0
393.43,2.0
97.19,2.0
155.95,1.0
0.0,1.0
176.84,1.0
135.84,2.0
159.81,1.0
129.31,2.0
168.94,2.0
239.08,2.0
310.03,2.0
235.85,2.0
360.17,2.0
126.93,2.0
90.52,2.0
0.0,2.0
143.96,1.0
170.49,1.0
157.03,1.0
282.54,1.0
0.0,2.0
0.0,2.0
325.38,1.0
276.81,1.0
84.81,2.0
345.31,1.0
235.73,2.0
275.48,1.0
140.95,2.0
289.2,1.0
341.67,1.0
380.83,1.0
530.46,1.0
408.4,2.0
400.76,2.0
561.73,1.0
0.0,1.0
208.12,2.0
78.95,1.0
185.34,1.0
200.7,1.0
0.0,2.0
197.63,2.0
439.64,1.0
0.0,2.0
381.17,1.0
86.45,1.0
161.16,2.0
355.03,2.0
290.12,2.0
309.06,2.0
1.1,2.0
191.52,1.0
386.15,1.0
217.08,2.0
112.09,2.0
263.78,1.0
142.33,1.0
118.68,2.0
151.22,2.0
0.0,1.0
761.0,2.0
325.89,1.0
217.58,2.0
256.73,2.0
0.0,2.0
338.14,2.0
325.41,2.0
206.81,2.0
110.69,1.0
299.01,2.0
107.63,2.0
140.38,1.0
344.96,1.0
0.0,2.0
255.55,2.0
368.11,1.0
0.0,2.0
403.54,1.0
0.0,2.0
464.52,1.0
233.78,2.0
64.21,2.0
153.62,1.0
277.23,2.0
479.96,2.0
206.89,1.0
329.19,2.0
437.31,2.0
202.36,1.0
399.71,2.0
35.91,1.0
209.7,1.0
241.75,2.0
308.13,1.0
173.1,2.0
0.0,2.0
0.0,2.0
298.83,2.0
256.1,1.0
356.22,1.0
354.14,2.0
547.82,2.0
0.0,1.0
448.13,1.0
352.25,1.0
253.68,1.0
320.14,2.0
194.21,2.0
163.73,2.0
280.01,2.0
368.94,2.0
0.0,2.0
149.45,2.0
170.0,1.0
71.61,1.0
436.82,2.0
337.56,2.0
312.3,1.0
229.3,1.0
181.88,1.0
96.64,1.0
152.33,2.0
299.65,2.0
190.57,1.0
15.72,2.0
174.49,1.0
182.9,1.0
357.11,2.0
458.05,2.0
264.36,2.0
434.16,1.0
47.21,1.0
147.69,2.0
110.07,1.0
457.73,2.0
110.78,2.0
413.43,1.0
70.62,1.0
67.78,1.0
197.09,2.0
280.98,1.0
342.31,2.0
295.5,2.0
397.7,1.0
228.92,1.0
251.88,2.0
183.9,2.0
77.68,2.0
437.63,1.0
93.1,2.0
0.0,1.0
0.0,2.0
383.0,1.0
190.27,2.0
210.87,2.0
0.0,1.0
421.51,1.0
247.58,2.0
146.62,2.0
182.71,2.0
0.0,2.0
0.0,1.0
493.7,1.0
143.46,1.0
497.97,2.0
397.51,2.0
383.39,2.0
218.02,1.0
304.19,2.0
518.96,2.0
150.09,2.0
189.41,1.0
289.11,1.0
313.5,2.0
214.38,2.0
213.55,1.0
562.6,1.0
0.0,2.0
233.03,2.0
122.19,1.0
241.5,2.0
292.27,2.0
128.75,2.0
266.94,2.0
217.58,2.0
240.94,1.0
159.67,1.0
0.0,1.0
495.62,2.0
149.32,2.0
257.26,2.0
0.0,2.0
277.11,1.0
91.1,2.0
308.41,2.0
166.56,2.0
78.74,2.0
173.44,1.0
46.95,1.0
185.55,2.0
358.54,2.0
324.21,1.0
0.0,2.0
117.87,2.0
392.57,2.0
401.79,2.0
174.68,2.0
333.66,2.0
248.39,2.0
167.38,1.0
440.29,1.0
0.0,1.0
262.87,2.0
429.26,2.0
201.93,2.0
346.02,2.0
168.61,2.0
0.0,1.0
273.99,2.0
273.68,2.0
63.39,2.0
0.0,1.0
314.56,1.0
109.21,1.0
547.61,2.0
115.56,1.0
272.25,1.0
221.63,2.0
0.0,1.0
718.89,2.0
138.14,2.0
0.0,1.0
343.69,2.0
405.52,2.0
124.33,1.0
336.04,2.0
152.69,2.0
293.51,2.0
241.08,2.0
303.93,2.0
223.46,2.0
85.35,1.0
436.84,2.0
201.88,2.0
369.62,2.0
150.47,2.0
205.05,1.0
222.8,2.0
281.23,1.0
147.49,1.0
304.18,1.0
277.51,2.0
176.61,1.0
198.94,1.0
155.47,1.0
194.73,1.0
339.6,2.0
311.38,2.0
694.2,2.0
183.7,2.0
172.57,2.0
0.0,2.0
186.0,2.0
234.99,2.0
0.0,2.0
185.17,2.0
192.03,1.0
0.0,1.0
214.45,2.0
185.64,2.0
269.25,2.0
310.14,2.0
223.53,1.0
182.01,2.0
211.74,2.0
189.21,2.0
173.1,2.0
50.63,2.0
400.09,1.0
135.52,2.0
0.0,2.0
301.55,2.0
0.0,2.0
241.99,1.0
221.27,2.0
0.0,2.0
274.57,2.0
184.08,2.0
164.19,2.0
485.56,2.0
122.54,1.0
210.48,2.0
352.55,2.0
0.0,2.0
441.08,2.0
366.77,1.0
0.0,2.0
273.17,2.0
213.99,2.0
94.75,1.0
222.78,2.0
158.17,1.0
266.34,1.0
194.77,2.0
174.63,1.0
188.58,2.0
208.1,1.0
240.45,2.0
294.52,1.0
493.05,2.0
194.6,1.0
600.05,2.0
155.18,1.0
316.78,2.0
314.57,1.0
364.83,2.0
299.58,1.0
0.0,2.0
169.53,2.0
209.27,2.0
332.58,1.0
87.39,1.0
165.46,1.0
165.58,1.0
153.02,1.0
215.34,2.0
275.31,2.0
447.3,2.0
0.0,1.0
242.24,1.0
0.0,2.0
311.05,1.0
185.9,2.0
197.62,1.0
245.44,1.0
117.23,1.0
273.42,1.0
235.61,2.0
233.18,1.0
217.76,2.0
410.42,1.0
0.0,2.0
227.5,1.0
241.69,2.0
124.24,2.0
49.16,2.0
627.96,1.0
0.0,2.0
69.81,2.0
107.4,1.0
382.61,2.0
147.04,2.0
432.84,2.0
0.0,1.0
64.8,1.0
274.07,2.0
211.49,1.0
201.71,1.0
175.11,2.0
109.28,2.0
0.0,1.0
187.59,2.0
0.0,2.0
230.47,1.0
272.82,1.0
135.28,1.0
99.14,2.0
61.28,2.0
412.43,2.0
327.28,2.0
295.22,2.0
162.64,1.0
194.93,1.0
145.64,1.0
375.42,2.0
134.3,2.0
151.64,2.0
180.29,1.0
317.6,2.0
0.0,2.0
199.08,2.0
0.0,2.0
232.16,2.0
23.69,2.0
422.96,1.0
210.09,1.0
397.15,2.0
0.0,1.0
253.58,1.0
210.04,2.0
209.89,1.0
52.53,1.0
226.69,2.0
300.81,2.0
348.43,2.0
818.67,1.0
50.21,1.0
141.62,1.0
364.64,2.0
0.0,2.0
0.0,1.0
242.57,1.0
137.58,1.0
437.8,2.0
190.72,1.0
315.94,2.0
519.12,2.0
0.0,1.0
413.36,2.0
381.29,2.0
243.13,1.0
175.72,2.0
361.87,1.0
0.0,2.0
115.56,1.0
290.48,2.0
0.0,2.0
118.91,2.0
381.88,1.0
294.14,2.0
228.62,1.0
658.3,1.0
162.33,1.0
0.0,2.0
257.53,1.0
134.05,2.0
209.02,2.0
115.61,2.0
122.13,1.0
197.07,2.0
367.17,2.0
0.0,2.0
0.0,2.0
0.0,2.0
0.0,2.0
164.32,2.0
376.55,1.0
219.91,2.0
229.27,2.0
101.95,1.0
338.54,1.0
190.7,1.0
193.05,2.0
175.34,2.0
307.2,1.0
103.14,1.0
391.25,2.0
359.42,2.0
298.21,2.0
340.97,1.0
0.0,1.0
505.33,1.0
132.53,2.0
512.05,1.0
287.94,2.0
177.15,1.0
116.04,2.0
256.05,2.0
266.69,2.0
184.41,1.0
0.0,2.0
689.3,2.0
0.0,1.0
159.04,2.0
0.0,2.0
0.0,1.0
181.32,1.0
328.3,2.0
273.28,2.0
325.73,2.0
288.32,2.0
364.58,1.0
207.1,1.0
0.0,2.0
567.42,2.0
187.8,1.0
842.8,2.0
205.95,1.0
474.34,2.0
185.25,1.0
42.73,2.0
0.0,1.0
352.85,1.0
312.02,1.0
197.37,1.0
222.41,2.0
134.25,2.0
180.29,2.0
125.69,2.0
116.35,1.0
190.11,2.0
186.24,1.0
293.13,1.0
290.42,1.0
364.71,2.0
336.25,1.0
176.07,2.0
148.11,1.0
260.68,2.0
292.4,2.0
191.7,1.0
275.91,1.0
295.68,2.0
402.23,1.0
0.0,2.0
0.0,2.0
0.0,1.0
110.97,1.0
242.07,2.0
736.14,2.0
302.3,2.0
351.92,2.0
365.24,1.0
0.0,2.0
173.35,1.0
233.94,2.0
0.0,2.0
348.38,2.0
285.66,1.0
0.0,2.0
102.77,2.0
220.53,1.0
453.92,2.0
307.19,1.0
298.91,2.0
359.95,1.0
425.7,2.0
651.01,1.0
136.6,1.0
63.48,2.0
356.26,2.0
0.0,1.0
138.42,1.0
231.75,1.0
268.68,2.0
196.85,2.0
381.22,1.0
312.56,1.0
399.76,2.0
125.63,1.0
208.32,2.0
0.0,1.0
0.0,2.0
362.46,1.0
251.53,2.0
269.33,1.0
419.95,1.0
58.06,2.0
160.71,1.0
472.58,1.0
289.64,2.0
227.43,2.0
710.94,2.0
189.1,1.0
448.54,1.0
228.62,2.0
281.57,1.0
218.86,2.0
362.28,2.0
0.0,2.0
102.62,2.0
231.3,2.0
198.03,2.0
167.2,2.0
392.57,1.0
109.06,1.0
132.17,1.0
143.89,1.0
158.24,1.0
456.9,2.0
556.89,2.0
276.43,1.0
292.66,2.0
618.46,2.0
323.54,1.0
0.0,2.0
0.0,2.0
229.05,2.0
223.76,2.0
99.66,1.0
181.59,2.0
104.83,1.0
272.51,1.0
239.61,2.0
0.0,1.0
220.04,1.0
134.74,1.0
216.18,1.0
246.73,1.0
141.26,2.0
295.22,1.0
145.89,1.0
415.54,1.0
258.14,2.0
257.88,2.0
219.43,1.0
160.76,2.0
272.87,2.0
212.0,1.0
0.0,2.0
229.71,2.0
92.29,1.0
331.26,1.0
8.72,1.0
331.57,2.0
171.45,1.0
394.45,1.0
597.95,2.0
187.79,1.0
323.81,1.0
478.28,2.0
214.75,2.0
84.0,1.0
180.05,1.0
282.43,2.0
77.87,2.0
182.17,2.0
352.82,2.0
163.28,2.0
192.84,2.0
110.22,1.0
110.53,1.0
186.78,2.0
210.31,2.0
226.61,2.0
161.82,2.0
158.96,1.0
115.63,2.0
0.0,1.0
216.82,2.0
161.16,2.0
177.21,2.0
64.45,1.0
97.54,2.0
267.36,2.0
234.35,1.0
134.7,1.0
174.32,1.0
277.45,2.0
0.0,1.0
120.74,1.0
404.43,1.0
236.91,1.0
323.8,1.0
82.65,1.0
164.84,1.0
82.98,1.0
263.75,1.0
244.03,1.0
146.92,1.0
79.57,2.0
0.0,2.0
179.64,2.0
377.51,1.0
233.14,2.0
248.76,1.0
397.42,1.0
13.84,2.0
263.93,2.0
417.04,2.0
315.07,1.0
5.88,1.0
76.4,1.0
306.09,1.0
214.57,1.0
245.13,2.0
297.56,2.0
334.54,1.0
226.77,2.0
197.89,2.0
95.48,2.0
157.24,1.0
179.53,2.0
386.86,2.0
78.43,2.0
467.9,1.0
186.51,2.0
394.01,1.0
0.0,1.0
146.23,2.0
348.2,1.0
101.93,1.0
439.76,2.0
192.3,1.0
301.33,2.0
247.61,1.0
273.71,1.0
441.67,1.0
147.16,1.0
0.0,2.0
32.61,1.0
215.2,2.0
130.41,1.0
275.65,1.0
0.0,2.0
73.16,2.0
279.38,2.0
82.02,1.0
250.18,1.0
143.36,1.0
243.26,2.0
261.61,1.0
209.86,2.0
201.73,2.0
0.0,1.0
267.87,1.0
306.53,1.0
378.13,2.0
223.56,2.0
196.41,2.0
408.22,1.0
206.34,1.0
509.56,1.0
310.89,1.0
422.62,1.0
360.47,2.0
13.85,1.0
0.0,2.0
106.31,1.0
184.42,1.0
117.86,1.0
274.5,1.0
220.37,1.0
0.0,2.0
202.47,1.0
197.52,2.0
552.78,1.0
161.91,2.0
0.0,2.0
322.73,2.0
207.72,2.0
362.18,2.0
224.03,1.0
174.4,1.0
224.26,1.0
110.51,2.0
299.62,1.0
106.33,1.0
160.64,1.0
124.17,2.0
217.8,2.0
272.83,1.0
310.05,1.0
106.03,2.0
197.98,2.0
220.11,2.0
208.14,2.0
354.62,2.0
142.2,2.0
374.28,2.0
51.25,2.0
266.12,1.0
809.48,1.0
318.64,1.0
189.32,1.0
103.72,2.0
145.04,2.0
154.56,1.0
158.3,1.0
325.07,2.0
261.16,1.0
123.11,2.0
156.29,1.0
305.66,1.0
177.01,2.0
442.98,2.0
684.76,2.0
284.85,2.0
535.58,1.0
237.19,1.0
209.35,1.0
429.85,2.0
306.53,1.0
179.63,1.0
212.56,1.0
0.0,2.0
136.24,2.0
0.0,1.0
156.73,2.0
159.01,2.0
139.93,2.0
97.69,2.0
244.6,2.0
320.9,2.0
253.55,1.0
265.8,2.0
204.05,1.0
97.25,2.0
264.18,1.0
189.14,2.0
0.0,2.0
169.7,1.0
211.22,2.0
86.43,1.0
0.0,1.0
207.65,1.0
489.41,1.0
0.0,1.0
118.46,1.0
420.04,1.0
197.16,2.0
315.86,2.0
167.29,2.0
252.08,1.0
362.41,2.0
322.94,2.0
135.69,2.0
0.0,1.0
22.33,2.0
0.0,1.0
185.26,1.0
203.12,2.0
238.73,1.0
212.05,2.0
202.09,2.0
259.14,2.0
202.59,1.0
0.0,1.0
0.0,2.0
280.77,2.0
373.81,1.0
139.96,2.0
276.93,2.0
104.67,2.0
295.61,2.0
189.06,2.0
250.29,2.0
124.82,1.0
329.27,1.0
198.79,1.0
318.2,2.0
242.47,1.0
0.0,2.0
126.77,2.0
169.84,2.0
190.82,2.0
220.67,2.0
229.12,2.0
191.21,1.0
0.0,2.0
323.02,1.0
185.04,2.0
187.19,1.0
167.24,2.0
181.71,1.0
88.75,2.0
193.43,1.0
110.59,2.0
173.92,2.0
469.15,2.0
75.1,2.0
279.84,2.0
223.36,2.0
326.59,2.0
200.84,2.0
254.29,1.0
159.93,2.0
432.76,2.0
180.44,1.0
296.16,1.0
117.75,2.0
119.11,1.0
298.07,2.0
322.85,2.0
448.51,2.0
329.8,1.0
48.46,1.0
138.3,1.0
464.82,1.0
86.16,1.0
291.09,1.0
0.0,1.0
184.81,1.0
118.05,2.0
106.98,1.0
119.43,1.0
278.68,1.0
403.52,2.0
180.79,2.0
0.0,1.0
279.27,2.0
257.88,2.0
0.0,2.0
0.0,1.0
326.39,1.0
131.52,1.0
292.16,1.0
235.99,1.0
205.82,2.0
197.58,2.0
301.14,2.0
375.77,2.0
207.63,2.0
92.94,2.0
192.81,1.0
0.0,1.0
0.0,1.0
65.9,2.0
278.73,2.0
233.0,1.0
82.8,1.0
171.53,1.0
256.71,1.0
270.39,1.0
215.91,1.0
317.17,2.0
258.06,2.0
365.74,2.0
240.93,1.0
227.19,2.0
174.58,2.0
672.29,2.0
244.33,1.0
83.14,1.0
0.0,1.0
81.2,2.0
134.31,1.0
284.62,1.0
474.83,1.0
224.59,1.0
259.57,2.0
232.62,1.0
203.63,2.0
457.85,2.0
122.2,1.0
0.0,2.0
268.98,2.0
179.88,1.0
172.12,2.0
270.59,2.0
0.0,2.0
296.37,1.0
245.32,2.0
0.0,2.0
182.08,2.0
445.07,2.0
311.47,1.0
240.53,2.0
161.15,1.0
333.16,1.0
445.46,1.0
238.87,1.0
0.0,1.0
174.85,2.0
226.37,1.0
159.0,2.0
278.57,1.0
159.94,2.0
0.0,2.0
214.05,1.0
95.45,2.0
0.0,2.0
156.12,1.0
355.43,2.0
128.91,1.0
305.96,1.0
292.22,2.0
165.01,1.0
211.94,1.0
353.83,1.0
132.21,1.0
155.81,2.0
124.27,1.0
167.68,2.0
298.07,1.0
206.25,2.0
205.48,1.0
155.85,2.0
359.61,1.0
177.75,1.0
141.86,2.0
425.13,2.0
117.87,1.0
740.72,1.0
507.73,1.0
303.34,1.0
163.51,2.0
163.78,2.0
134.22,1.0
197.69,1.0
0.0,2.0
305.66,2.0
280.51,2.0
207.63,1.0
198.53,1.0
126.11,2.0
216.65,2.0
265.88,2.0
192.27,1.0
0.0,1.0
107.96,2.0
319.95,2.0
514.17,2.0
215.3,2.0
205.15,1.0
413.88,1.0
396.8,1.0
189.61,2.0
110.4,2.0
178.24,1.0
294.86,1.0
128.84,2.0
338.5,1.0
195.44,2.0
553.34,1.0
281.09,1.0
212.33,1.0
209.46,2.0
355.46,1.0
294.22,1.0
347.47,1.0
291.16,1.0
0.0,2.0
189.42,1.0
196.2,2.0
83.44,1.0
202.94,2.0
348.57,1.0
320.81,2.0
41.77,1.0
252.42,1.0
0.0,2.0
99.57,2.0
79.14,1.0
146.67,2.0
177.76,1.0
347.09,2.0
177.91,1.0
0.0,1.0
150.46,1.0
97.9,2.0
237.92,2.0
277.11,1.0
109.33,2.0
156.34,1.0
252.55,1.0
144.81,2.0
252.65,1.0
295.59,2.0
360.85,2.0
100.05,2.0
0.0,2.0
186.66,1.0
199.06,1.0
167.1,1.0
197.42,2.0
181.15,1.0
204.44,2.0
435.86,1.0
132.73,1.0
300.33,1.0
335.55,1.0
230.06,2.0
230.6,1.0
210.33,1.0
188.58,2.0
147.49,1.0
79.59,1.0
0.0,1.0
325.25,2.0
289.69,2.0
283.09,1.0
538.76,1.0
219.86,2.0
230.03,2.0
192.21,1.0
188.01,2.0
287.82,2.0
0.0,1.0
233.11,1.0
120.77,2.0
170.56,1.0
387.89,2.0
313.53,2.0
0.0,2.0
200.68,2.0
204.77,1.0
94.03,1.0
286.44,1.0
116.95,2.0
243.43,1.0
93.71,1.0
433.65,1.0
230.69,1.0
327.66,2.0
391.9,1.0
168.87,2.0
0.0,2.0
168.84,2.0
256.4,2.0
90.92,2.0
263.54,2.0
192.28,2.0
235.46,1.0
167.05,1.0
216.53,1.0
274.02,1.0
181.83,2.0
187.7,1.0
212.36,1.0
219.53,2.0
148.28,2.0
264.75,2.0
277.28,1.0
181.36,1.0
277.1,2.0
439.73,1.0
239.74,2.0
110.59,2.0
202.56,2.0
226.55,2.0
818.84,2.0
116.8,1.0
267.1,1.0
301.21,1.0
475.08,1.0
117.41,2.0
315.34,1.0
244.25,1.0
187.77,2.0
101.22,2.0
195.53,1.0
383.95,1.0
244.38,2.0
243.93,2.0
104.35,2.0
312.51,2.0
258.11,2.0
1030.76,2.0
239.81,1.0
180.97,2.0
379.7,2.0
141.31,2.0
407.8,2.0
192.87,1.0
215.82,2.0
292.78,1.0
314.46,2.0
422.62,1.0
242.19,2.0
208.96,2.0
591.03,2.0
123.87,2.0
185.78,2.0
156.93,2.0
317.74,2.0
227.41,2.0
156.77,2.0
332.5,2.0
175.26,1.0
135.08,2.0
184.84,1.0
147.28,2.0
92.19,2.0
235.5,2.0
291.51,2.0
230.47,1.0
218.6,2.0
523.29,2.0
210.64,1.0
472.24,1.0
192.66,1.0
269.6,2.0
139.48,2.0
107.52,1.0
126.3,2.0
458.48,2.0
221.29,2.0
173.47,1.0
511.7,2.0
133.49,2.0
383.91,2.0
229.56,2.0
248.87,1.0
0.0,1.0
269.64,1.0
211.88,2.0
205.69,2.0
150.74,2.0
119.33,1.0
205.74,1.0
283.14,1.0
119.52,1.0
0.0,2.0
171.05,1.0
244.1,1.0
547.77,1.0
329.75,1.0
337.8,2.0
175.34,2.0
192.46,2.0
259.6,1.0
343.71,1.0
384.49,1.0
184.83,2.0
264.41,1.0
108.61,2.0
160.34,1.0
152.69,2.0
234.43,1.0
112.21,1.0
260.2,1.0
119.61,1.0
258.36,1.0
168.73,1.0
213.81,1.0
0.0,2.0
0.0,1.0
497.3,1.0
525.51,2.0
98.27,2.0
174.45,2.0
282.83,2.0
164.9,1.0
124.63,2.0
139.26,2.0
0.0,2.0
208.73,2.0
0.0,1.0
431.33,1.0
312.52,2.0
119.11,2.0
158.88,2.0
229.13,1.0
221.13,1.0
143.88,2.0
231.27,1.0
290.35,1.0
471.26,2.0
146.29,1.0
0.0,1.0
194.82,2.0
513.72,2.0
110.44,2.0
164.9,2.0
196.68,1.0
399.62,2.0
0.0,2.0
233.76,2.0
199.06,2.0
458.45,2.0
141.39,2.0
0.0,1.0
419.06,2.0
123.95,1.0
268.6,1.0
0.0,1.0
268.29,1.0
295.28,1.0
251.42,1.0
250.88,1.0
118.83,1.0
292.63,2.0
325.81,2.0
287.19,2.0
0.0,2.0
214.6,2.0
0.0,1.0
229.3,1.0
0.0,2.0
120.73,2.0
228.7,1.0
234.8,1.0
344.02,2.0
293.79,1.0
213.33,1.0
0.0,1.0
159.0,2.0
294.02,1.0
259.19,1.0
131.86,1.0
232.43,1.0
0.0,2.0
0.0,2.0
156.76,1.0
0.0,1.0
205.25,1.0
133.96,1.0
112.69,1.0
81.18,1.0
279.37,2.0
157.16,2.0
110.07,1.0
486.53,1.0
252.15,2.0
248.6,2.0
30.42,2.0
182.59,1.0
53.15,2.0
0.0,2.0
170.65,1.0
196.85,2.0
154.21,2.0
538.59,1.0
156.74,2.0
338.29,1.0
75.8,1.0
139.06,2.0
260.46,1.0
213.35,1.0
145.02,2.0
162.53,2.0
0.0,2.0
174.29,2.0
179.22,2.0
219.45,1.0
281.8,1.0
249.93,2.0
119.84,2.0
100.68,2.0
380.04,2.0
266.76,1.0
371.41,2.0
246.42,1.0
237.13,2.0
222.19,1.0
981.1,2.0
329.93,1.0
227.93,1.0
139.91,2.0
46.29,1.0
162.79,2.0
204.48,1.0
120.81,1.0
280.18,2.0
148.87,1.0
198.72,1.0
296.36,2.0
235.83,2.0
141.2,2.0
99.65,1.0
0.0,1.0
115.21,1.0
150.42,2.0
0.0,1.0
134.88,1.0
138.89,2.0
105.98,1.0
0.0,2.0
424.07,2.0
179.69,1.0
257.86,1.0
219.86,2.0
557.54,1.0
213.21,1.0
174.15,1.0
22.44,2.0
249.96,2.0
144.53,2.0
32.68,1.0
110.99,1.0
276.89,1.0
243.0,2.0
0.0,2.0
168.21,2.0
333.89,2.0
220.46,1.0
277.92,2.0
0.0,1.0
103.84,2.0
256.04,1.0
144.24,2.0
472.46,1.0
0.0,1.0
201.56,1.0
349.08,2.0
175.31,2.0
157.45,2.0
123.71,1.0
104.16,1.0
243.05,2.0
71.75,2.0
314.07,2.0
139.72,1.0
0.0,1.0
212.84,1.0
0.0,1.0
125.85,2.0
0.0,1.0
136.46,1.0
653.09,1.0
358.35,2.0
0.0,1.0
0.0,1.0
261.17,2.0
118.66,1.0
306.66,1.0
260.9,2.0
363.8,1.0
149.71,2.0
0.0,2.0
186.15,1.0
228.2,1.0
382.06,1.0
230.9,1.0
313.76,2.0
117.98,2.0
349.64,1.0
51.99,2.0
379.74,2.0
348.67,2.0
211.27,2.0
207.42,1.0
245.43,1.0
318.08,2.0
294.11,1.0
0.0,1.0
420.81,2.0
171.45,2.0
261.42,1.0
160.26,2.0
568.15,1.0
313.86,1.0
0.0,1.0
92.21,2.0
387.22,1.0
249.23,2.0
0.0,2.0
224.18,1.0
164.49,1.0
0.0,2.0
368.71,2.0
125.24,2.0
194.9,1.0
0.0,1.0
0.0,2.0
0.0,1.0
229.79,1.0
217.58,1.0
0.0,1.0
190.7,2.0
0.0,1.0
272.36,2.0
272.38,2.0
393.34,2.0
67.26,1.0
83.85,2.0
348.98,1.0
95.08,2.0
338.48,1.0
101.28,1.0
210.86,2.0
299.74,1.0
0.0,1.0
407.81,2.0
476.47,2.0
345.54,2.0
0.0,2.0
302.89,2.0
293.1,1.0
83.99,2.0
169.36,2.0
451.03,2.0
240.47,1.0
259.15,1.0
118.59,2.0
382.55,2.0
176.86,2.0
239.48,1.0
0.0,2.0
261.6,2.0
0.0,1.0
184.47,2.0
0.0,2.0
0.0,1.0
234.02,1.0
341.47,1.0
109.5,2.0
0.0,1.0
282.13,1.0
201.09,2.0
184.99,1.0
461.56,1.0
182.74,2.0
249.23,2.0
170.23,1.0
166.2,1.0
45.59,2.0
245.71,2.0
356.2,2.0
315.0,1.0
185.31,2.0
145.3,2.0
303.89,2.0
124.52,1.0
136.71,2.0
145.8,2.0
0.0,1.0
189.4,1.0
220.68,1.0
383.04,1.0
322.11,2.0
306.72,1.0
0.0,2.0
0.0,1.0
127.24,1.0
101.41,1.0
155.96,1.0
136.99,2.0
174.67,1.0
208.62,2.0
259.97,2.0
119.7,2.0
377.72,2.0
0.0,1.0
139.93,1.0
218.85,1.0
305.81,1.0
332.69,2.0
0.0,1.0
0.0,1.0
134.22,1.0
447.74,2.0
215.92,1.0
459.8,1.0
71.98,2.0
218.02,1.0
285.72,1.0
0.0,2.0
336.86,1.0
107.66,2.0
206.98,2.0
0.0,1.0
0.0,1.0
340.35,1.0
0.0,1.0
90.33,1.0
644.18,1.0
0.0,2.0
224.46,1.0
180.95,2.0
154.52,2.0
209.74,1.0
155.83,1.0
210.68,1.0
239.05,1.0
310.88,1.0
224.32,1.0
214.24,2.0
539.16,2.0
362.64,2.0
278.28,1.0
192.16,2.0
171.77,1.0
0.0,2.0
301.98,2.0
146.73,2.0
142.25,2.0
253.02,1.0
129.09,1.0
213.71,1.0
192.01,2.0
230.23,1.0
106.85,1.0
340.76,2.0
449.35,2.0
232.45,2.0
465.59,2.0
189.25,1.0
0.0,1.0
165.29,1.0
175.58,1.0
243.19,1.0
261.42,2.0
127.32,1.0
218.32,1.0
264.15,2.0
0.0,2.0
209.07,1.0
280.84,1.0
397.65,2.0
0.0,2.0
562.68,1.0
0.0,2.0
34.87,1.0
232.48,1.0
235.04,2.0
168.36,1.0
217.56,1.0
181.68,1.0
195.98,1.0
173.46,2.0
0.0,2.0
144.24,1.0
374.93,2.0
259.88,2.0
190.42,1.0
155.49,1.0
78.52,2.0
279.55,1.0
440.78,1.0
0.0,1.0
205.35,1.0
296.33,1.0
154.25,1.0
222.46,2.0
176.04,1.0
191.53,1.0
122.23,1.0
112.08,1.0
205.29,2.0
379.21,2.0
142.69,1.0
181.94,1.0
369.86,1.0
153.56,2.0
307.33,1.0
275.23,2.0
129.37,1.0
0.0,1.0
15.05,2.0
288.17,1.0
89.36,2.0
169.56,1.0
315.57,2.0
187.16,1.0
349.03,2.0
88.65,1.0
335.41,1.0
0.0,2.0
335.57,1.0
93.36,1.0
63.89,1.0
191.03,1.0
241.82,1.0
242.14,1.0
218.71,1.0
227.72,2.0
305.41,2.0
164.97,1.0
219.37,1.0
172.05,2.0
0.0,1.0
131.28,2.0
91.41,1.0
414.81,2.0
258.7,2.0
302.0,1.0
0.0,1.0
154.33,1.0
199.32,1.0
66.74,1.0
221.81,1.0
0.0,2.0
109.76,1.0
240.67,1.0
167.18,2.0
229.31,2.0
0.0,2.0
135.11,1.0
317.85,2.0
0.0,2.0
97.2,2.0
141.18,2.0
0.0,2.0
0.0,1.0
187.99,2.0
245.54,2.0
0.0,2.0
125.32,1.0
58.7,2.0
229.38,1.0
177.49,1.0
408.36,1.0
154.55,2.0
172.7,1.0
173.42,2.0
195.05,1.0
128.33,2.0
61.07,1.0
0.0,2.0
210.35,1.0
189.47,1.0
233.61,2.0
239.53,2.0
184.09,1.0
132.64,2.0
0.0,1.0
467.99,1.0
140.53,2.0
238.87,1.0
65.26,1.0
109.22,1.0
172.1,2.0
162.67,1.0
200.07,2.0
0.0,2.0
0.0,1.0
166.23,2.0
322.43,1.0
121.94,2.0
102.95,1.0
236.51,2.0
195.25,1.0
200.66,1.0
104.93,1.0
124.47,2.0
97.33,2.0
241.38,1.0
160.41,1.0
253.71,1.0
298.42,2.0
280.31,1.0
173.01,2.0
231.82,2.0
141.15,1.0
356.13,2.0
328.7,2.0
160.59,1.0
262.71,2.0
22.8,2.0
128.03,1.0
207.59,1.0
78.3,2.0
44.17,2.0
183.0,1.0
318.88,2.0
95.72,2.0
106.76,2.0
0.0,1.0
135.57,2.0
177.38,1.0
189.63,1.0
317.53,2.0
180.73,1.0
237.55,1.0
0.0,1.0
101.3,1.0
373.55,2.0
117.01,2.0
127.08,1.0
246.62,1.0
162.33,2.0
197.44,2.0
233.32,1.0
74.69,1.0
127.21,2.0
0.0,1.0
0.0,1.0
102.5,1.0
309.78,2.0
0.0,1.0
106.02,1.0
188.82,1.0
270.13,1.0
151.05,2.0
156.7,1.0
506.6,1.0
125.76,2.0
271.89,2.0
383.47,2.0
278.39,1.0
186.29,1.0
228.19,1.0
175.36,2.0
148.61,1.0
401.93,1.0
250.33,2.0
179.36,2.0
247.84,1.0
225.82,2.0
158.59,2.0
91.62,2.0
0.0,1.0
0.0,2.0
106.13,1.0
126.74,1.0
0.0,1.0
465.14,2.0
131.81,1.0
330.98,2.0
111.08,2.0
164.79,1.0
95.87,1.0
502.43,2.0
209.91,1.0
109.75,1.0
283.13,1.0
182.65,1.0
134.23,2.0
232.11,2.0
185.67,2.0
191.24,2.0
232.26,1.0
150.92,2.0
173.26,1.0
184.39,1.0
126.61,2.0
311.18,2.0
499.81,1.0
201.29,1.0
279.39,1.0
184.23,2.0
169.87,2.0
357.93,1.0
552.31,2.0
0.0,1.0
0.0,2.0
250.64,1.0
437.5,2.0
366.41,1.0
166.76,2.0
159.92,1.0
104.3,1.0
270.83,2.0
181.64,1.0
245.03,2.0
127.64,1.0
0.0,1.0
0.0,2.0
139.92,2.0
161.9,1.0
0.0,2.0
222.14,1.0
461.05,2.0
237.62,1.0
497.84,2.0
157.89,2.0
279.18,1.0
223.33,2.0
88.05,1.0
210.4,2.0
197.56,2.0
220.02,1.0
0.0,1.0
191.53,2.0
170.08,2.0
171.39,2.0
245.04,2.0
419.86,2.0
0.0,2.0
145.53,1.0
424.24,2.0
143.49,2.0
255.93,2.0
167.84,2.0
447.26,1.0
0.0,1.0
241.26,1.0
224.45,2.0
171.87,2.0
417.22,1.0
290.31,1.0
198.87,2.0
159.2,1.0
127.84,1.0
256.67,1.0
201.42,2.0
193.64,2.0
302.73,2.0
152.79,1.0
155.12,1.0
184.63,1.0
188.23,1.0
267.73,2.0
98.7,2.0
110.53,1.0
228.81,2.0
88.06,2.0
400.43,2.0
36.5,2.0
367.35,1.0
173.4,1.0
0.0,2.0
391.32,1.0
163.68,1.0
292.32,2.0
178.7,2.0
371.02,1.0
253.74,1.0
274.67,1.0
0.0,1.0
217.69,1.0
178.73,2.0
117.37,2.0
0.0,1.0
195.78,2.0
99.62,2.0
195.59,2.0
111.92,1.0
226.56,1.0
261.66,1.0
255.39,2.0
104.15,1.0
132.09,1.0
246.78,1.0
109.19,1.0
317.71,2.0
119.42,1.0
274.83,1.0
60.46,2.0
196.86,1.0
268.18,2.0
146.72,2.0
332.14,1.0
0.0,1.0
303.09,1.0
0.0,1.0
143.56,1.0
133.19,2.0
196.83,1.0
99.37,1.0
216.38,1.0
394.88,1.0
0.0,1.0
0.0,1.0
113.82,2.0
294.74,2.0
252.06,1.0
272.42,1.0
183.07,1.0
0.0,2.0
133.9,1.0
0.0,1.0
67.78,2.0
338.2,2.0
305.71,2.0
193.45,1.0
428.95,1.0
0.0,1.0
245.16,1.0
279.24,2.0
264.76,2.0
247.29,1.0
149.61,1.0
99.42,2.0
238.54,1.0
214.1,1.0
0.0,2.0
226.29,1.0
71.31,1.0
112.13,1.0
323.66,2.0
211.94,2.0
319.93,1.0
193.88,2.0
204.16,2.0
348.84,2.0
207.33,2.0
51.57,1.0
295.11,2.0
103.02,1.0
208.4,2.0
0.0,1.0
315.43,2.0
160.13,1.0
290.4,1.0
984.7,1.0
128.09,1.0
335.84,1.0
253.74,2.0
0.0,1.0
273.73,2.0
270.38,1.0
232.71,1.0
0.0,1.0
145.0,1.0
182.42,2.0
92.99,1.0
343.24,2.0
0.0,2.0
100.04,1.0
137.14,2.0
309.78,2.0
0.0,2.0
291.52,2.0
242.8,1.0
85.94,1.0
262.27,2.0
0.0,1.0
418.51,2.0
256.19,2.0
277.43,2.0
341.18,1.0
211.06,1.0
162.81,1.0
428.87,2.0
155.19,1.0
206.88,2.0
202.91,1.0
235.58,2.0
200.94,2.0
194.38,1.0
128.46,1.0
183.0,2.0
0.0,1.0
519.45,1.0
358.94,1.0
268.56,2.0
0.0,1.0
399.51,2.0
227.02,2.0
220.83,2.0
146.06,2.0
122.92,2.0
409.21,1.0
184.52,1.0
0.0,2.0
199.96,1.0
227.13,1.0
252.12,2.0
31.2,1.0
465.08,2.0
148.06,2.0
190.52,2.0
240.26,1.0
312.04,1.0
240.87,2.0
0.0,2.0
225.49,1.0
166.3,1.0
326.36,2.0
264.6,1.0
203.27,2.0
279.6,2.0
0.0,1.0
181.75,1.0
44.02,2.0
161.16,2.0
313.93,1.0
154.09,1.0
0.0,2.0
280.94,2.0
171.85,1.0
0.0,1.0
251.61,1.0
204.99,2.0
177.27,2.0
120.58,1.0
154.43,2.0
228.95,2.0
264.01,2.0
122.44,2.0
226.25,1.0
211.63,1.0
136.03,2.0
138.91,1.0
163.94,2.0
0.0,1.0
179.26,1.0
0.0,1.0
235.38,2.0
0.0,2.0
161.94,1.0
123.91,1.0
157.63,2.0
121.62,1.0
59.78,1.0
125.31,1.0
0.0,1.0
164.61,1.0
71.39,1.0
393.67,1.0
327.42,1.0
0.0,1.0
0.0,2.0
223.58,1.0
0.0,1.0
199.36,2.0
180.32,1.0
118.11,1.0
209.86,2.0
59.84,2.0
149.59,1.0
186.77,1.0
275.32,1.0
0.0,1.0
396.93,2.0
335.94,1.0
107.97,2.0
118.29,2.0
496.08,2.0
113.92,1.0
81.91,2.0
134.59,1.0
480.0,2.0
514.66,2.0
254.49,1.0
0.0,1.0
416.41,1.0
104.43,1.0
415.05,2.0
389.93,1.0
160.45,1.0
129.41,1.0
184.16,1.0
0.0,2.0
231.31,2.0
168.44,2.0
150.2,1.0
388.33,1.0
423.42,1.0
167.68,1.0
0.0,1.0
291.03,1.0
403.26,2.0
238.02,1.0
258.11,2.0
0.0,2.0
177.94,2.0
198.06,1.0
106.49,2.0
108.36,2.0
255.37,1.0
343.54,1.0
259.73,2.0
154.74,2.0
361.82,2.0
537.51,1.0
156.05,2.0
143.37,1.0
280.39,1.0
253.12,2.0
0.0,1.0
151.57,2.0
223.0,1.0
262.15,1.0
251.02,2.0
231.06,2.0
377.09,1.0
311.34,1.0
0.0,1.0
89.09,1.0
248.99,1.0
265.1,1.0
211.92,2.0
0.0,2.0
196.2,2.0
204.28,2.0
165.27,1.0
102.94,2.0
334.32,1.0
0.0,2.0
149.28,1.0
232.85,1.0
162.59,2.0
0.0,2.0
77.19,2.0
227.77,2.0
0.0,2.0
410.17,2.0
101.02,1.0
40.55,1.0
259.64,2.0
255.91,2.0
314.13,1.0
145.4,2.0
229.71,2.0
0.0,1.0
0.0,2.0
256.55,1.0
209.96,2.0
167.74,1.0
0.0,2.0
0.0,2.0
187.15,2.0
205.76,2.0
147.5,1.0
0.0,1.0
0.0,2.0
138.11,1.0
154.07,1.0
265.38,1.0
103.81,2.0
310.87,1.0
181.58,2.0
150.84,1.0
223.91,1.0
248.82,2.0
84.37,2.0
226.21,2.0
120.62,1.0
411.82,2.0
102.13,1.0
153.83,1.0
145.32,2.0
0.0,1.0
466.74,1.0
221.16,1.0
218.44,1.0
273.21,2.0
271.19,2.0
271.44,1.0
275.82,1.0
222.93,1.0
371.73,1.0
155.3,1.0
235.12,2.0
218.36,1.0
212.5,1.0
0.0,2.0
80.36,1.0
329.58,2.0
422.5,1.0
229.11,2.0
225.22,2.0
324.0,1.0
168.41,2.0
0.0,1.0
0.0,2.0
0.0,2.0
339.0,1.0
843.41,2.0
181.98,1.0
134.08,1.0
0.0,2.0
316.73,1.0
313.54,2.0
186.08,2.0
320.51,2.0
376.44,1.0
0.0,1.0
184.53,2.0
277.26,2.0
171.89,1.0
46.27,1.0
0.0,2.0
158.15,2.0
280.17,2.0
224.47,1.0
171.64,1.0
192.94,2.0
275.01,1.0
0.0,2.0
236.04,2.0
114.4,1.0
0.0,1.0
127.53,1.0
201.71,1.0
402.11,1.0
0.0,2.0
172.54,2.0
132.48,1.0
207.5,1.0
352.14,2.0
0.0,2.0
6.41,2.0
260.01,1.0
414.32,1.0
101.67,1.0
0.0,2.0
293.75,2.0
0.0,2.0
0.0,2.0
213.27,2.0
251.56,1.0
0.0,1.0
338.81,1.0
336.82,2.0
130.89,2.0
102.45,1.0
174.12,1.0
64.55,1.0
160.89,1.0
0.0,2.0
0.0,1.0
83.61,1.0
294.4,1.0
0.0,1.0
124.43,1.0
96.29,2.0
364.91,1.0
60.64,1.0
318.85,2.0
160.42,1.0
182.89,1.0
182.44,1.0
78.27,1.0
149.08,1.0
98.1,1.0
179.54,1.0
237.93,1.0
136.39,2.0
184.73,1.0
157.34,1.0
265.36,1.0
0.0,1.0
0.0,1.0
0.0,2.0
309.92,2.0
64.07,1.0
211.64,2.0
165.9,2.0
506.47,1.0
281.34,1.0
328.69,2.0
0.0,1.0
0.0,2.0
215.34,2.0
173.22,1.0
139.21,1.0
127.58,2.0
163.47,2.0
318.26,2.0
194.96,2.0
481.85,1.0
101.96,2.0
132.25,1.0
266.38,2.0
115.36,1.0
159.64,1.0
292.88,1.0
131.63,1.0
0.0,2.0
211.72,2.0
322.02,1.0
207.75,2.0
167.31,2.0
238.81,2.0
415.77,1.0
225.45,2.0
201.78,2.0
236.04,1.0
282.83,2.0
0.0,2.0
168.23,2.0
145.62,2.0
193.71,2.0
312.89,1.0
217.28,2.0
170.88,1.0
208.84,1.0
252.96,1.0
207.61,2.0
0.0,1.0
0.0,1.0
269.14,1.0
311.3,1.0
0.0,2.0
255.17,1.0
150.29,2.0
181.81,1.0
248.83,1.0
306.7,1.0
336.32,2.0
143.63,1.0
615.9,2.0
112.29,1.0
162.69,1.0
0.0,1.0
0.0,1.0
0.0,1.0
242.1,1.0
0.0,2.0
109.7,1.0
224.93,1.0
242.27,1.0
168.09,2.0
196.14,2.0
219.8,2.0
0.0,1.0
0.0,1.0
209.38,2.0
0.0,1.0
204.51,1.0
0.0,1.0
253.06,2.0
0.0,1.0
154.38,1.0
277.56,1.0
339.57,2.0
335.53,2.0
0.0,2.0
234.96,1.0
313.33,1.0
0.0,2.0
343.79,1.0
0.0,2.0
392.64,2.0
160.08,1.0
144.43,2.0
364.4,1.0
0.0,2.0
0.0,2.0
93.53,1.0
181.31,2.0
362.99,1.0
249.01,2.0
185.73,1.0
0.0,2.0
219.05,1.0
213.83,1.0
344.02,1.0
0.0,1.0
372.31,2.0
140.4,1.0
203.09,1.0
225.77,2.0
0.0,1.0
238.89,1.0
96.6,1.0
93.47,1.0
220.91,1.0
128.8,2.0
84.48,1.0
214.45,1.0
140.65,2.0
167.51,2.0
0.0,2.0
176.45,1.0
107.3,2.0
136.18,1.0
0.0,1.0
119.97,1.0
103.42,2.0
121.89,1.0
0.0,1.0
135.33,1.0
297.17,1.0
206.47,1.0
0.0,1.0
174.52,2.0
90.23,1.0
0.0,2.0
0.0,1.0
194.79,1.0
115.82,1.0
102.99,1.0
104.04,1.0
374.29,2.0
202.13,1.0
149.23,1.0
228.96,2.0
91.76,1.0
237.48,2.0
168.16,2.0
164.9,1.0
220.49,1.0
292.84,2.0
217.42,1.0
0.0,1.0
172.36,1.0
110.33,1.0
287.09,1.0
75.33,2.0
135.62,2.0
243.42,2.0
131.27,1.0
412.76,1.0
274.36,1.0
141.37,1.0
0.0,2.0
153.46,2.0
179.7,1.0
254.22,2.0
237.43,1.0
119.19,2.0
280.14,1.0
146.64,2.0
143.33,2.0
0.0,1.0
177.75,1.0
350.9,1.0
239.18,1.0
226.58,1.0
173.49,2.0
91.65,1.0
202.77,2.0
126.67,1.0
0.0,2.0
90.85,1.0
255.77,1.0
224.77,1.0
231.73,1.0
462.85,1.0
267.81,1.0
96.03,2.0
308.9,1.0
0.0,2.0
309.59,1.0
0.0,2.0
255.07,1.0
0.0,1.0
0.0,2.0
136.74,1.0
271.52,2.0
306.4,2.0
253.81,2.0
0.0,2.0
0.0,2.0
0.0,1.0
133.45,1.0
33.48,1.0
221.7,1.0
166.96,1.0
205.5,1.0
0.0,1.0
0.0,1.0
331.21,1.0
239.62,2.0
127.18,1.0
193.27,1.0
116.61,1.0
200.96,2.0
225.64,2.0
297.93,1.0
121.07,2.0
111.02,2.0
0.0,1.0
311.79,1.0
185.93,1.0
217.69,1.0
250.52,2.0
0.0,2.0
0.0,2.0
247.78,2.0
334.96,1.0
0.0,1.0
254.35,2.0
86.32,2.0
0.0,1.0
0.0,1.0
0.0,2.0
0.0,1.0
202.31,1.0
224.79,1.0
328.0,1.0
0.0,1.0
0.0,1.0
169.13,1.0
0.0,1.0
233.23,1.0
55.67,1.0
176.47,2.0
0.0,1.0
227.63,1.0
0.0,2.0
408.08,1.0
150.83,2.0
189.47,1.0
390.35,1.0
276.21,1.0
122.8,2.0
117.07,1.0
256.36,2.0
239.89,2.0
0.0,1.0
137.44,1.0
343.96,1.0
0.0,2.0
278.5,1.0
0.0,1.0
447.65,1.0
0.0,2.0
175.04,1.0
41.43,2.0
281.22,2.0
0.0,1.0
149.84,1.0
271.04,2.0
159.41,2.0
108.27,1.0
458.49,1.0
223.25,1.0
99.16,2.0
0.0,1.0
194.66,1.0
0.0,1.0
202.88,1.0
204.38,1.0
401.15,1.0
0.0,1.0
114.27,2.0
117.36,1.0
0.0,1.0
184.46,2.0
0.0,1.0
0.0,2.0
115.53,2.0
250.58,1.0
207.31,1.0
624.14,1.0
135.87,2.0
351.55,1.0
0.0,1.0
272.76,2.0
121.03,1.0
0.0,1.0
185.0,2.0
161.97,1.0
0.0,1.0
45.22,1.0
99.52,1.0
173.38,1.0
0.0,1.0
147.42,2.0
0.0,2.0
0.0,1.0
272.1,2.0
224.26,2.0
0.0,2.0
284.94,2.0
0.0,1.0
0.0,2.0
152.51,2.0
205.79,2.0
126.55,2.0
348.13,2.0
0.0,1.0
210.14,2.0
85.67,1.0
128.36,1.0
0.0,1.0
0.0,2.0
263.79,1.0
286.99,2.0
304.81,2.0
148.77,2.0
452.44,1.0
334.97,2.0
0.0,2.0
217.11,1.0
223.83,2.0
0.0,2.0
96.86,2.0
137.34,1.0
175.5,2.0
0.0,2.0
0.0,2.0
0.0,1.0
0.0,2.0
255.33,2.0
0.0,2.0
191.94,1.0
296.89,1.0
334.09,2.0
247.71,1.0
315.89,2.0
160.58,2.0
104.83,1.0
297.47,1.0
439.66,1.0
157.36,2.0
0.0,1.0
134.09,1.0
0.0,1.0
282.76,1.0
160.02,1.0
291.51,1.0
304.8,2.0
116.94,2.0
164.45,2.0
0.0,2.0
412.07,2.0
413.48,1.0
84.58,1.0
0.0,1.0
157.38,1.0
401.0,1.0
195.86,2.0
77.57,2.0
184.36,2.0
211.66,2.0
62.05,2.0
188.12,1.0
90.46,1.0
134.92,1.0
0.0,2.0
143.4,1.0
115.8,1.0
0.0,2.0
147.66,2.0
0.0,1.0
338.39,1.0
0.0,1.0
0.0,1.0
240.86,1.0
105.05,2.0
108.1,2.0
760.0,1.0
178.53,1.0
225.68,1.0
184.56,1.0
225.67,1.0
0.0,2.0
300.91,1.0
0.0,2.0
140.89,1.0
144.41,1.0
225.5,1.0
208.5,2.0
186.76,2.0
0.0,2.0
0.0,2.0
0.0,1.0
177.94,1.0
445.53,1.0
154.41,1.0
422.01,1.0
0.0,2.0
134.16,2.0
215.15,2.0
401.57,2.0
181.08,1.0
177.57,1.0
78.5,1.0
0.0,1.0
135.74,2.0
217.7,1.0
106.68,2.0
314.57,2.0
133.83,1.0
240.36,1.0
0.0,2.0
134.27,1.0
0.0,1.0
301.08,1.0
0.0,2.0
227.28,1.0
0.0,2.0
0.0,2.0
137.75,2.0
279.62,1.0
0.0,1.0
0.0,1.0
0.0,1.0
350.36,1.0
230.6,2.0
0.0,1.0
0.0,1.0
79.75,1.0
354.6,1.0
0.0,2.0
0.0,1.0
0.0,2.0
259.12,1.0
250.08,2.0
0.0,2.0
87.15,1.0
0.0,1.0
160.99,2.0
0.0,1.0
0.0,2.0
153.41,2.0
147.69,2.0
125.3,1.0
0.0,1.0
0.0,1.0
206.72,1.0
160.79,1.0
154.22,2.0
137.52,1.0
142.91,2.0
114.66,1.0
160.0,1.0
55.41,1.0
204.54,1.0
276.13,1.0
141.32,1.0
239.6,1.0
272.94,1.0
115.91,2.0
0.0,1.0
324.87,1.0
0.0,1.0
391.06,2.0
0.0,1.0
96.81,1.0
185.62,1.0
315.36,1.0
0.0,2.0
259.97,1.0
0.0,2.0
291.54,2.0
282.06,2.0
215.66,1.0
0.0,1.0
100.17,1.0
0.0,1.0
100.3,1.0
0.0,2.0
0.0,2.0
319.47,2.0
285.69,2.0
